account,date,daily_pnl,num_trades,avg_trade_size_usd,avg_trade_size_tokens,avg_fee,win_rate,long_ratio,timestamp,value,sentiment,activity_segment,pnl_std,consistency_segment
0x083384f897ee0f19899168e3b1bec365f52a9012,2024-06-12,-175611.00005600002,33,36736.36242424243,9.090909090909092,121.229992,0.0,0.0,1718170200,72,Greed,Infrequent,226357.0775129546,Inconsistent
0x083384f897ee0f19899168e3b1bec365f52a9012,2024-11-11,0.0,177,5089.718248587571,1.5875706214689265,167.796055,0.0,0.0,1731303000,76,Extreme Greed,Frequent,226357.0775129546,Inconsistent
0x083384f897ee0f19899168e3b1bec365f52a9012,2025-01-03,9482.221441,45,2985.797555555556,1.318582222222222,6.71802,0.8,0.0,1735882200,74,Greed,Infrequent,226357.0775129546,Inconsistent
0x083384f897ee0f19899168e3b1bec365f52a9012,2025-02-02,76710.0,10,185847.0,60.0,92.923496,0.9,0.0,1738474200,60,Greed,Infrequent,226357.0775129546,Inconsistent
0x083384f897ee0f19899168e3b1bec365f52a9012,2025-03-02,101011.685664,839,23593.019856972587,10.820332538736592,2355.038296,0.30512514898688914,0.0,1740893400,26,Fear,Frequent,226357.0775129546,Inconsistent
0x083384f897ee0f19899168e3b1bec365f52a9012,2025-03-03,533974.662903,641,8371.136099843994,14.235897347893914,268.294625,0.8424336973478939,0.0,1740979800,33,Fear,Frequent,226357.0775129546,Inconsistent
0x083384f897ee0f19899168e3b1bec365f52a9012,2025-04-02,375620.270243,531,10576.687156308852,29.566478342749527,704.19937,0.15630885122410546,0.0,1743571800,44,Fear,Frequent,226357.0775129546,Inconsistent
0x083384f897ee0f19899168e3b1bec365f52a9012,2025-05-02,44400.9058,210,26585.06338095238,9.683554285714285,700.101577,0.37142857142857144,0.0,1746163800,67,Greed,Frequent,226357.0775129546,Inconsistent
0x23e7a7f8d14b550961925fbfdaa92f5d195ba5bd,2024-01-12,0.0,1,0.06,0.00736001,0.0,0.0,0.0,1705037400,71,Greed,Infrequent,2450.81559515971,Consistent
0x23e7a7f8d14b550961925fbfdaa92f5d195ba5bd,2024-06-12,0.0,34,1426.8700000000001,110.64617647058823,1.31668822,0.0,0.0,1718170200,72,Greed,Infrequent,2450.81559515971,Consistent
0x23e7a7f8d14b550961925fbfdaa92f5d195ba5bd,2024-07-12,3515.031065,26,2001.101153846154,144.64051199153843,5.2028479999999995,0.9615384615384616,0.0,1720762200,25,Fear,Infrequent,2450.81559515971,Consistent
0x23e7a7f8d14b550961925fbfdaa92f5d195ba5bd,2024-09-12,0.0,46,1131.888695652174,89.33717391304349,1.4383267,0.0,0.0,1726119000,31,Fear,Infrequent,2450.81559515971,Consistent
0x23e7a7f8d14b550961925fbfdaa92f5d195ba5bd,2024-10-12,2517.787385,64,852.88625,64.1886198953125,19.104602,0.984375,0.0,1728711000,49,Neutral,Infrequent,2450.81559515971,Consistent
0x23e7a7f8d14b550961925fbfdaa92f5d195ba5bd,2025-01-02,1162.002541,78,2094.719358974359,81.11564102564103,29.90369878,0.32051282051282054,0.0,1735795800,70,Greed,Frequent,2450.81559515971,Consistent
0x23e7a7f8d14b550961925fbfdaa92f5d195ba5bd,2025-01-05,1243.853569,250,815.50576,41.99536,31.0304917,0.324,0.0,1736055000,72,Greed,Frequent,2450.81559515971,Consistent
0x23e7a7f8d14b550961925fbfdaa92f5d195ba5bd,2025-02-02,6352.452613,517,2792.42166344294,1987.2184915087041,487.25693852,0.4506769825918762,0.0,1738474200,60,Greed,Frequent,2450.81559515971,Consistent
0x23e7a7f8d14b550961925fbfdaa92f5d195ba5bd,2025-03-03,2480.902379,110,1999.099181818182,101.51363636363637,53.50649472,0.45454545454545453,0.0,1740979800,33,Fear,Frequent,2450.81559515971,Consistent
0x23e7a7f8d14b550961925fbfdaa92f5d195ba5bd,2025-03-04,0.0,1,54768.6,4564.05,0.456405,0.0,0.0,1741066200,15,Extreme Fear,Infrequent,2450.81559515971,Consistent
0x23e7a7f8d14b550961925fbfdaa92f5d195ba5bd,2025-04-03,-3169.3554679999997,65,1756.5103076923076,110.02307692307693,20.67737314,0.0,0.0,1743658200,25,Fear,Infrequent,2450.81559515971,Consistent
0x271b280974205ca63b716753467d5a371de622ab,2024-05-12,208.81746,4,39530.9875,10.23615,34.129711,0.75,0.0,1715491800,56,Greed,Infrequent,,Inconsistent
0x28736f43f1e871e6aa8b1148d38d4994275d72c4,2024-01-12,4458.25495,193,247.12725388601035,182.78686528497408,16.10546943,0.5025906735751295,0.0,1705037400,71,Greed,Frequent,3369.1192504660335,Consistent
0x28736f43f1e871e6aa8b1148d38d4994275d72c4,2024-02-12,1283.846047,140,140.36935714285713,130.4958572857143,6.30947724,0.5214285714285715,0.0,1707715800,70,Greed,Frequent,3369.1192504660335,Consistent
0x28736f43f1e871e6aa8b1148d38d4994275d72c4,2024-03-12,1190.358719,78,92.37217948717948,228.30948717948718,2.982829,0.47435897435897434,0.0,1710221400,81,Extreme Greed,Frequent,3369.1192504660335,Consistent
0x28736f43f1e871e6aa8b1148d38d4994275d72c4,2024-04-12,9066.169646,112,165.78285714285715,144.96276785714286,7.22773423,0.5357142857142857,0.0,1712899800,79,Extreme Greed,Frequent,3369.1192504660335,Consistent
0x28736f43f1e871e6aa8b1148d38d4994275d72c4,2024-05-12,14685.787664,98,259.2459183673469,92.6308163265306,9.32634692,0.4897959183673469,0.0,1715491800,56,Greed,Frequent,3369.1192504660335,Consistent
0x28736f43f1e871e6aa8b1148d38d4994275d72c4,2024-06-12,389.176232,69,129.80536231884057,85.3436231884058,2.907485,0.2318840579710145,0.0,1718170200,72,Greed,Frequent,3369.1192504660335,Consistent
0x28736f43f1e871e6aa8b1148d38d4994275d72c4,2024-07-12,4008.012049,86,159.67825581395348,89.75558139534883,3.66824976,0.4186046511627907,0.0,1720762200,25,Fear,Frequent,3369.1192504660335,Consistent
0x28736f43f1e871e6aa8b1148d38d4994275d72c4,2024-08-12,554.009942,102,77.67176470588235,109.05882352941177,2.81362784,0.4215686274509804,0.0,1723440600,25,Fear,Frequent,3369.1192504660335,Consistent
0x28736f43f1e871e6aa8b1148d38d4994275d72c4,2024-09-12,768.430838,213,88.1318309859155,236.07873239436623,6.79214041,0.5915492957746479,0.0,1726119000,31,Fear,Frequent,3369.1192504660335,Consistent
0x28736f43f1e871e6aa8b1148d38d4994275d72c4,2024-10-12,980.557461,157,119.62222929936306,456.31936305732484,5.81611154,0.6751592356687898,0.0,1728711000,49,Neutral,Frequent,3369.1192504660335,Consistent
0x28736f43f1e871e6aa8b1148d38d4994275d72c4,2024-11-12,1582.001112,93,124.41204301075268,124.16052795698926,4.121023,0.34408602150537637,0.0,1731389400,80,Extreme Greed,Frequent,3369.1192504660335,Consistent
0x28736f43f1e871e6aa8b1148d38d4994275d72c4,2024-12-12,5806.86932,147,150.14530612244897,199.29821639455784,6.99886242,0.5578231292517006,0.0,1733981400,83,Extreme Greed,Frequent,3369.1192504660335,Consistent
0x28736f43f1e871e6aa8b1148d38d4994275d72c4,2025-01-01,109.82694000000001,59,263.3476271186441,405.64313559322034,4.20683628,0.3559322033898305,0.0,1735709400,66,Greed,Infrequent,3369.1192504660335,Consistent
0x28736f43f1e871e6aa8b1148d38d4994275d72c4,2025-01-02,3.536668000000001,51,1057.5154901960784,264.353137254902,18.86497698,0.4117647058823529,0.0,1735795800,70,Greed,Infrequent,3369.1192504660335,Consistent
0x28736f43f1e871e6aa8b1148d38d4994275d72c4,2025-01-03,557.9358,37,840.2127027027027,65.10000015216215,10.630594,0.3783783783783784,0.0,1735882200,74,Greed,Infrequent,3369.1192504660335,Consistent
0x28736f43f1e871e6aa8b1148d38d4994275d72c4,2025-01-04,768.351892,41,422.4107317073171,13527.432682926828,5.24749082,0.6585365853658537,0.0,1735968600,73,Greed,Infrequent,3369.1192504660335,Consistent
0x28736f43f1e871e6aa8b1148d38d4994275d72c4,2025-01-05,16.923621,2,135.32,7.0,0.094722,1.0,0.0,1736055000,72,Greed,Infrequent,3369.1192504660335,Consistent
0x28736f43f1e871e6aa8b1148d38d4994275d72c4,2025-02-01,416.546688,101,217.69336633663366,280.9170766336634,7.715886,0.45544554455445546,0.0,1738387800,68,Greed,Frequent,3369.1192504660335,Consistent
0x28736f43f1e871e6aa8b1148d38d4994275d72c4,2025-02-02,-1416.906536,91,1328.6620879120878,861.1982417582417,35.3271459,0.054945054945054944,0.0,1738474200,60,Greed,Frequent,3369.1192504660335,Consistent
0x28736f43f1e871e6aa8b1148d38d4994275d72c4,2025-02-03,8330.21747,73,1432.3072602739728,208.95294520547947,32.77112491,0.7671232876712328,0.0,1738560600,44,Fear,Frequent,3369.1192504660335,Consistent
0x28736f43f1e871e6aa8b1148d38d4994275d72c4,2025-02-04,669.381363,70,414.13428571428574,13034.532142857142,9.363195900000001,0.6,0.0,1738647000,72,Greed,Frequent,3369.1192504660335,Consistent
0x28736f43f1e871e6aa8b1148d38d4994275d72c4,2025-03-01,250.581483,69,217.15115942028987,434.2310886956522,5.21759794,0.5217391304347826,0.0,1740807000,20,Extreme Fear,Frequent,3369.1192504660335,Consistent
0x28736f43f1e871e6aa8b1148d38d4994275d72c4,2025-03-02,439.634046,75,1251.5914666666667,108.92393212893333,19.67962575,0.6,0.0,1740893400,26,Fear,Frequent,3369.1192504660335,Consistent
0x28736f43f1e871e6aa8b1148d38d4994275d72c4,2025-03-03,494.669357,58,536.928448275862,133.52586206896552,9.075943,0.3620689655172414,0.0,1740979800,33,Fear,Infrequent,3369.1192504660335,Consistent
0x28736f43f1e871e6aa8b1148d38d4994275d72c4,2025-03-04,149.51234499999998,85,453.3190588235294,17395.791764705882,12.648717,0.11764705882352941,0.0,1741066200,15,Extreme Fear,Frequent,3369.1192504660335,Consistent
0x28736f43f1e871e6aa8b1148d38d4994275d72c4,2025-04-01,232.66549799999999,81,156.68296296296296,154.02253259259257,4.45112,0.49382716049382713,0.0,1743485400,34,Fear,Frequent,3369.1192504660335,Consistent
0x28736f43f1e871e6aa8b1148d38d4994275d72c4,2025-04-02,1291.500575,48,1139.6597916666667,133.58954229166667,11.67501298,0.3541666666666667,0.0,1743571800,44,Fear,Infrequent,3369.1192504660335,Consistent
0x28736f43f1e871e6aa8b1148d38d4994275d72c4,2025-04-03,163.73415,43,1091.9493023255814,77.6760465116279,12.403976,0.3023255813953488,0.0,1743658200,25,Fear,Infrequent,3369.1192504660335,Consistent
0x28736f43f1e871e6aa8b1148d38d4994275d72c4,2025-04-04,498.73528200000004,100,280.5443,5443.1526,9.75008299,0.56,0.0,1743744600,28,Fear,Frequent,3369.1192504660335,Consistent
0x28736f43f1e871e6aa8b1148d38d4994275d72c4,2025-05-01,87.752181,82,101.1840243902439,239.9459756097561,2.903942,0.5365853658536586,0.0,1746077400,53,Neutral,Frequent,3369.1192504660335,Consistent
0x28736f43f1e871e6aa8b1148d38d4994275d72c4,2025-05-02,696.8107239999999,83,912.4063855421687,92.64910686746988,22.582462,0.4457831325301205,0.0,1746163800,67,Greed,Frequent,3369.1192504660335,Consistent
0x2c229d22b100a7beb69122eed721cee9b24011dd,2024-01-11,-0.09906000000000104,14,2139.280714285714,4138.285714285715,9.793994,0.2857142857142857,0.0,1704951000,76,Extreme Greed,Infrequent,4887.9739381524105,Inconsistent
0x2c229d22b100a7beb69122eed721cee9b24011dd,2024-02-12,16196.864846,53,2348.7403773584906,3234.698113207547,42.163079,0.5660377358490566,0.0,1707715800,70,Greed,Infrequent,4887.9739381524105,Inconsistent
0x2c229d22b100a7beb69122eed721cee9b24011dd,2024-03-12,121.535562,59,1685.5867796610169,3167.915254237288,34.807342,0.23728813559322035,0.0,1710221400,81,Extreme Greed,Infrequent,4887.9739381524105,Inconsistent
0x2c229d22b100a7beb69122eed721cee9b24011dd,2024-04-12,7591.307059,37,3426.9959459459456,354995.35135135136,36.568131,0.6756756756756757,0.0,1712899800,79,Extreme Greed,Infrequent,4887.9739381524105,Inconsistent
0x2c229d22b100a7beb69122eed721cee9b24011dd,2024-05-12,2069.92634,33,890.1048484848485,92.98181818181818,7.532439,0.9090909090909091,0.0,1715491800,56,Greed,Infrequent,4887.9739381524105,Inconsistent
0x2c229d22b100a7beb69122eed721cee9b24011dd,2024-06-11,-3.41119,3,666.84,3894.0,0.70018,0.0,0.0,1718083800,74,Greed,Infrequent,4887.9739381524105,Inconsistent
0x2c229d22b100a7beb69122eed721cee9b24011dd,2024-06-12,-123.870122,9,2324.0444444444447,5510.222222222223,7.0556339999999995,0.0,0.0,1718170200,72,Greed,Infrequent,4887.9739381524105,Inconsistent
0x2c229d22b100a7beb69122eed721cee9b24011dd,2024-08-11,-710.786946,15,2003.9206666666666,534.8933333333333,9.653699999999999,0.0,0.0,1723354200,39,Fear,Infrequent,4887.9739381524105,Inconsistent
0x2c229d22b100a7beb69122eed721cee9b24011dd,2024-10-12,130.883691,12,1585.4033333333334,173722.66666666666,6.658685,0.5833333333333334,0.0,1728711000,49,Neutral,Infrequent,4887.9739381524105,Inconsistent
0x2c229d22b100a7beb69122eed721cee9b24011dd,2024-11-12,8544.6855,19,6550.684736842106,5299.684210526316,30.194784,0.5263157894736842,0.0,1731389400,80,Extreme Greed,Infrequent,4887.9739381524105,Inconsistent
0x2c229d22b100a7beb69122eed721cee9b24011dd,2024-12-12,7639.595794,62,5565.801451612903,7303.290322580645,120.777867,0.6290322580645161,0.0,1733981400,83,Extreme Greed,Infrequent,4887.9739381524105,Inconsistent
0x2c229d22b100a7beb69122eed721cee9b24011dd,2025-01-02,88.50699399999999,21,5610.000952380952,898.6095238095238,36.52381,0.5714285714285714,0.0,1735795800,70,Greed,Infrequent,4887.9739381524105,Inconsistent
0x2c229d22b100a7beb69122eed721cee9b24011dd,2025-01-04,1334.414834,9,1193.0444444444445,25.34,3.455933,0.4444444444444444,0.0,1735968600,73,Greed,Infrequent,4887.9739381524105,Inconsistent
0x2c229d22b100a7beb69122eed721cee9b24011dd,2025-02-04,1.1031579999999999,6,395.24,0.646,0.830004,0.3333333333333333,0.0,1738647000,72,Greed,Infrequent,4887.9739381524105,Inconsistent
0x2c229d22b100a7beb69122eed721cee9b24011dd,2025-03-04,160.127816,26,739.3319230769231,118941.15384615384,6.237669,0.7307692307692307,0.0,1741066200,15,Extreme Fear,Infrequent,4887.9739381524105,Inconsistent
0x3998f134d6aaa2b6a5f723806d00fd2bbbbce891,2023-01-05,0.0,3,159.0,0.08376666666666666,0.0,0.0,0.0,1672896600,29,Fear,Infrequent,67.88499177537582,Consistent
0x3998f134d6aaa2b6a5f723806d00fd2bbbbce891,2024-01-08,0.0,1,0.74,16.4860535,0.0,0.0,0.0,1704691800,71,Greed,Infrequent,67.88499177537582,Consistent
0x3998f134d6aaa2b6a5f723806d00fd2bbbbce891,2024-01-12,13.566929,3,11.366666666666667,1111176.0166666666,0.00577068,0.6666666666666666,0.0,1705037400,71,Greed,Infrequent,67.88499177537582,Consistent
0x3998f134d6aaa2b6a5f723806d00fd2bbbbce891,2024-02-12,0.0,1,0.0,0.39853,0.0,0.0,0.0,1707715800,70,Greed,Infrequent,67.88499177537582,Consistent
0x3998f134d6aaa2b6a5f723806d00fd2bbbbce891,2024-03-08,0.0,1,0.65,2023.32184,0.0,0.0,0.0,1709875800,81,Extreme Greed,Infrequent,67.88499177537582,Consistent
0x3998f134d6aaa2b6a5f723806d00fd2bbbbce891,2024-04-08,0.0,1,0.01,875.4988657,0.0,0.0,0.0,1712554200,76,Extreme Greed,Infrequent,67.88499177537582,Consistent
0x3998f134d6aaa2b6a5f723806d00fd2bbbbce891,2024-05-09,0.0,1,0.84,10818.93703,0.0,0.0,0.0,1715232600,55,Greed,Infrequent,67.88499177537582,Consistent
0x3998f134d6aaa2b6a5f723806d00fd2bbbbce891,2024-06-08,215.754798,27,28.555555555555557,6147.454444444444,0.889599,0.2962962962962963,0.0,1717824600,72,Greed,Infrequent,67.88499177537582,Consistent
0x3998f134d6aaa2b6a5f723806d00fd2bbbbce891,2024-07-08,0.0,11,0.0036363636363636364,0.20677364727272726,0.0,0.0,0.0,1720416600,28,Fear,Infrequent,67.88499177537582,Consistent
0x3998f134d6aaa2b6a5f723806d00fd2bbbbce891,2024-11-01,0.0,2,23066.935,0.5,11.072125999999999,0.0,0.0,1730439000,75,Extreme Greed,Infrequent,67.88499177537582,Consistent
0x39cef799f8b69da1995852eea189df24eb5cae3c,2024-01-12,0.0,1,199.81,459.0,0.069934,0.0,0.0,1705037400,71,Greed,Infrequent,2981.834590556333,Consistent
0x39cef799f8b69da1995852eea189df24eb5cae3c,2024-03-12,0.0,1,209.94,500.0,0.073479,0.0,0.0,1710221400,81,Extreme Greed,Infrequent,2981.834590556333,Consistent
0x39cef799f8b69da1995852eea189df24eb5cae3c,2024-05-12,0.0,6,10238.081666666667,67.04565666666666,19.757147359999998,0.0,0.0,1715491800,56,Greed,Infrequent,2981.834590556333,Consistent
0x39cef799f8b69da1995852eea189df24eb5cae3c,2024-06-12,0.0,20,1657.5529999999999,579.7515275,8.60627,0.0,0.0,1718170200,72,Greed,Infrequent,2981.834590556333,Consistent
0x39cef799f8b69da1995852eea189df24eb5cae3c,2024-09-12,483.662076,8,603.1,1507.75,0.48248,1.0,0.0,1726119000,31,Fear,Infrequent,2981.834590556333,Consistent
0x39cef799f8b69da1995852eea189df24eb5cae3c,2024-10-12,0.0,3,22522.036666666667,52.30877,22.963763999999998,0.0,0.0,1728711000,49,Neutral,Infrequent,2981.834590556333,Consistent
0x39cef799f8b69da1995852eea189df24eb5cae3c,2024-11-12,3721.345649,4,40012.55,0.3982775,56.017569,1.0,0.0,1731389400,80,Extreme Greed,Infrequent,2981.834590556333,Consistent
0x39cef799f8b69da1995852eea189df24eb5cae3c,2024-12-11,0.0,2,5195.3,1.5498,3.6367089999999997,0.0,0.0,1733895000,74,Greed,Infrequent,2981.834590556333,Consistent
0x39cef799f8b69da1995852eea189df24eb5cae3c,2025-01-01,-9655.676981,12,15270.597499999998,654.9641666666666,9.853497840000001,0.4166666666666667,0.0,1735709400,66,Greed,Infrequent,2981.834590556333,Consistent
0x39cef799f8b69da1995852eea189df24eb5cae3c,2025-03-01,0.0,1,6217.48,266.73,0.02667297,0.0,0.0,1740807000,20,Extreme Fear,Infrequent,2981.834590556333,Consistent
0x39cef799f8b69da1995852eea189df24eb5cae3c,2025-03-04,0.0,142,4742.898943661972,2.6800584507042253,67.34912,0.0,0.0,1741066200,15,Extreme Fear,Frequent,2981.834590556333,Consistent
0x39cef799f8b69da1995852eea189df24eb5cae3c,2025-04-03,863.956464,63,3213.5458730158734,197.16993492063494,18.52469533,0.47619047619047616,0.0,1743658200,25,Fear,Infrequent,2981.834590556333,Consistent
0x39cef799f8b69da1995852eea189df24eb5cae3c,2025-04-04,266.39774,34,19800.740588235294,11.193182352941179,67.322498,1.0,0.0,1743744600,28,Fear,Infrequent,2981.834590556333,Consistent
0x3f9a0aadc7f04a7c9d75dc1b5a6ddd6e36486cf6,2024-02-12,0.0,1,46692.72,5836.59,0.583659,0.0,0.0,1707715800,70,Greed,Infrequent,236.44439291428097,Consistent
0x3f9a0aadc7f04a7c9d75dc1b5a6ddd6e36486cf6,2024-03-10,100.375782,5,2585.338,755.2,4.5243400000000005,0.6,0.0,1710048600,79,Extreme Greed,Infrequent,236.44439291428097,Consistent
0x3f9a0aadc7f04a7c9d75dc1b5a6ddd6e36486cf6,2024-03-11,0.0,2,9530.66,64707.5,1.90613,0.0,0.0,1710135000,82,Extreme Greed,Infrequent,236.44439291428097,Consistent
0x3f9a0aadc7f04a7c9d75dc1b5a6ddd6e36486cf6,2024-04-11,540.05911,10,1960.1330000000003,12941.5,6.860463,1.0,0.0,1712813400,76,Extreme Greed,Infrequent,236.44439291428097,Consistent
0x3f9a0aadc7f04a7c9d75dc1b5a6ddd6e36486cf6,2024-07-11,503.46257599999996,16,1929.28125,5074.0,3.086842,0.6875,0.0,1720675800,29,Fear,Infrequent,236.44439291428097,Consistent
0x3f9a0aadc7f04a7c9d75dc1b5a6ddd6e36486cf6,2024-10-11,0.0,1,9836.88,4631.3,0.983688,0.0,0.0,1728624600,32,Fear,Infrequent,236.44439291428097,Consistent
0x3f9a0aadc7f04a7c9d75dc1b5a6ddd6e36486cf6,2024-11-11,393.07947,4,2557.49,1157.8249999999998,3.580485,1.0,0.0,1731303000,76,Extreme Greed,Infrequent,236.44439291428097,Consistent
0x3f9a0aadc7f04a7c9d75dc1b5a6ddd6e36486cf6,2024-12-11,0.0,4,1319.1399999999999,421.45000000000005,0.527654,0.0,0.0,1733895000,74,Greed,Infrequent,236.44439291428097,Consistent
0x3f9a0aadc7f04a7c9d75dc1b5a6ddd6e36486cf6,2025-04-04,0.0,1,63727.4,0.7678,7.678e-05,0.0,0.0,1743744600,28,Fear,Infrequent,236.44439291428097,Consistent
0x420ab45e0bd8863569a5efbb9c05d91f40624641,2024-06-12,0.0,45,10673.925777777777,274.24444444444447,76.264613,0.0,0.0,1718170200,72,Greed,Infrequent,1246.2474175700427,Consistent
0x420ab45e0bd8863569a5efbb9c05d91f40624641,2024-12-12,1762.46,10,6750.81,29.0,17.102716,1.0,0.0,1733981400,83,Extreme Greed,Infrequent,1246.2474175700427,Consistent
0x430f09841d65beb3f27765503d0f850b8bce7713,2024-05-10,0.0,1,0.61,2269.151296,0.0,0.0,0.0,1715319000,66,Greed,Infrequent,0.0,Consistent
0x430f09841d65beb3f27765503d0f850b8bce7713,2024-09-08,0.0,1,0.12,7655.26437,0.0,0.0,0.0,1725773400,29,Fear,Infrequent,0.0,Consistent
0x430f09841d65beb3f27765503d0f850b8bce7713,2024-10-08,0.0,1,0.68,5356.19957,0.0,0.0,0.0,1728365400,49,Neutral,Infrequent,0.0,Consistent
0x430f09841d65beb3f27765503d0f850b8bce7713,2024-11-09,0.0,1,0.54,35870.82982,0.0,0.0,0.0,1731130200,75,Extreme Greed,Infrequent,0.0,Consistent
0x430f09841d65beb3f27765503d0f850b8bce7713,2024-11-10,0.0,1,0.73,4512.64906,0.0,0.0,0.0,1731216600,78,Extreme Greed,Infrequent,0.0,Consistent
0x430f09841d65beb3f27765503d0f850b8bce7713,2024-12-08,0.0,1,0.61,3054.266604,0.0,0.0,0.0,1733635800,79,Extreme Greed,Infrequent,0.0,Consistent
0x47add9a56df66b524d5e2c1993a43cde53b6ed85,2024-01-12,197.422418,4,358.71500000000003,37.5,0.26578693999999997,0.5,0.0,1705037400,71,Greed,Infrequent,797.8371369761032,Consistent
0x47add9a56df66b524d5e2c1993a43cde53b6ed85,2024-03-12,30.727222,42,330.0188095238095,416.5533333333333,2.2336630299999998,0.023809523809523808,0.0,1710221400,81,Extreme Greed,Infrequent,797.8371369761032,Consistent
0x47add9a56df66b524d5e2c1993a43cde53b6ed85,2024-04-12,910.584797,102,795.8152941176471,2090.8368627450977,21.44827514,0.13725490196078433,0.0,1712899800,79,Extreme Greed,Frequent,797.8371369761032,Consistent
0x47add9a56df66b524d5e2c1993a43cde53b6ed85,2024-05-12,3174.023699,290,587.6594137931035,204.54506896551723,48.58217003,0.36551724137931035,0.0,1715491800,56,Greed,Frequent,797.8371369761032,Consistent
0x47add9a56df66b524d5e2c1993a43cde53b6ed85,2024-06-12,514.886454,108,1009.2267592592593,182.41962962962964,22.34087872,0.2962962962962963,0.0,1718170200,72,Greed,Frequent,797.8371369761032,Consistent
0x47add9a56df66b524d5e2c1993a43cde53b6ed85,2024-07-12,1040.616939,180,580.1653888888889,7079.482244444444,30.76567825,0.35,0.0,1720762200,25,Fear,Frequent,797.8371369761032,Consistent
0x47add9a56df66b524d5e2c1993a43cde53b6ed85,2024-08-12,227.072158,69,423.3769565217391,4883.850724637681,8.07278965,0.36231884057971014,0.0,1723440600,25,Fear,Frequent,797.8371369761032,Consistent
0x47add9a56df66b524d5e2c1993a43cde53b6ed85,2024-09-12,311.290605,55,399.53854545454544,1435.6236363636363,5.26450568,0.34545454545454546,0.0,1726119000,31,Fear,Infrequent,797.8371369761032,Consistent
0x47add9a56df66b524d5e2c1993a43cde53b6ed85,2024-10-12,1474.670598,182,512.06510989011,839.0279735164836,22.51617703,0.36813186813186816,0.0,1728711000,49,Neutral,Frequent,797.8371369761032,Consistent
0x47add9a56df66b524d5e2c1993a43cde53b6ed85,2024-11-12,1157.689489,325,307.6034769230769,243.03382830769232,26.5157439,0.3353846153846154,0.0,1731389400,80,Extreme Greed,Frequent,797.8371369761032,Consistent
0x47add9a56df66b524d5e2c1993a43cde53b6ed85,2024-12-12,574.398074,159,458.38842767295597,1899.3781441509436,22.0703145,0.2893081761006289,0.0,1733981400,83,Extreme Greed,Frequent,797.8371369761032,Consistent
0x47add9a56df66b524d5e2c1993a43cde53b6ed85,2025-01-01,17.784696,16,632.90125,123.2695375,2.4354733299999998,0.1875,0.0,1735709400,66,Greed,Infrequent,797.8371369761032,Consistent
0x47add9a56df66b524d5e2c1993a43cde53b6ed85,2025-01-02,526.448209,33,490.5812121212121,470.0766581818181,4.45882435,0.696969696969697,0.0,1735795800,70,Greed,Infrequent,797.8371369761032,Consistent
0x47add9a56df66b524d5e2c1993a43cde53b6ed85,2025-01-03,109.593094,27,617.1918518518519,257.22104,4.519368,0.4444444444444444,0.0,1735882200,74,Greed,Infrequent,797.8371369761032,Consistent
0x47add9a56df66b524d5e2c1993a43cde53b6ed85,2025-01-04,-680.287463,19,247.43947368421055,644.4147842105264,1.579629,0.3157894736842105,0.0,1735968600,73,Greed,Infrequent,797.8371369761032,Consistent
0x47add9a56df66b524d5e2c1993a43cde53b6ed85,2025-01-05,37.385304,7,299.0128571428572,947.1585714285713,0.703274,0.14285714285714285,0.0,1736055000,72,Greed,Infrequent,797.8371369761032,Consistent
0x47add9a56df66b524d5e2c1993a43cde53b6ed85,2025-02-01,677.276764,90,548.5241111111111,147.7093318888889,12.32442837,0.4777777777777778,0.0,1738387800,68,Greed,Frequent,797.8371369761032,Consistent
0x47add9a56df66b524d5e2c1993a43cde53b6ed85,2025-02-02,-782.6517170000001,108,475.55675925925925,192.48390333333333,9.80744787,0.25,0.0,1738474200,60,Greed,Frequent,797.8371369761032,Consistent
0x47add9a56df66b524d5e2c1993a43cde53b6ed85,2025-02-03,349.12092600000005,21,1106.6938095238095,86.46293523809524,4.79176368,0.38095238095238093,0.0,1738560600,44,Fear,Infrequent,797.8371369761032,Consistent
0x47add9a56df66b524d5e2c1993a43cde53b6ed85,2025-02-04,93.006465,4,405.9275,1357.98,0.36569,0.75,0.0,1738647000,72,Greed,Infrequent,797.8371369761032,Consistent
0x47add9a56df66b524d5e2c1993a43cde53b6ed85,2025-03-01,846.655814,102,321.5754901960784,170.75676470588235,8.26689217,0.23529411764705882,0.0,1740807000,20,Extreme Fear,Frequent,797.8371369761032,Consistent
0x47add9a56df66b524d5e2c1993a43cde53b6ed85,2025-03-02,2440.916534,182,633.5157142857142,178.0363058241758,31.19285849,0.4010989010989011,0.0,1740893400,26,Fear,Frequent,797.8371369761032,Consistent
0x47add9a56df66b524d5e2c1993a43cde53b6ed85,2025-03-03,376.017126,33,591.2160606060606,33.314747878787884,5.595643,0.36363636363636365,0.0,1740979800,33,Fear,Infrequent,797.8371369761032,Consistent
0x47add9a56df66b524d5e2c1993a43cde53b6ed85,2025-03-04,7.052034,14,635.2357142857143,72.85693571428571,1.78190857,0.14285714285714285,0.0,1741066200,15,Extreme Fear,Infrequent,797.8371369761032,Consistent
0x47add9a56df66b524d5e2c1993a43cde53b6ed85,2025-04-01,73.451675,57,628.7080701754386,133.69466385964913,11.11830504,0.2631578947368421,0.0,1743485400,34,Fear,Infrequent,797.8371369761032,Consistent
0x47add9a56df66b524d5e2c1993a43cde53b6ed85,2025-04-02,874.3810560000001,34,389.9655882352941,271.5748352941177,3.60856375,0.47058823529411764,0.0,1743571800,44,Fear,Infrequent,797.8371369761032,Consistent
0x47add9a56df66b524d5e2c1993a43cde53b6ed85,2025-04-03,444.266681,32,502.8234375,137.927883125,3.82318985,0.21875,0.0,1743658200,25,Fear,Infrequent,797.8371369761032,Consistent
0x47add9a56df66b524d5e2c1993a43cde53b6ed85,2025-04-04,0.0,2,874.78,26.555,0.43421763,0.0,0.0,1743744600,28,Fear,Infrequent,797.8371369761032,Consistent
0x47add9a56df66b524d5e2c1993a43cde53b6ed85,2025-05-01,8.594753,38,439.9673684210526,118.60413947368421,3.637846,0.10526315789473684,0.0,1746077400,53,Neutral,Infrequent,797.8371369761032,Consistent
0x47add9a56df66b524d5e2c1993a43cde53b6ed85,2025-05-02,32.72269,3,431.90000000000003,73.33592666666667,0.435353,0.3333333333333333,0.0,1746163800,67,Greed,Infrequent,797.8371369761032,Consistent
0x4acb90e786d897ecffb614dc822eb231b4ffb9f4,2025-02-04,444.205198,16,37473.885625,0.432335,184.853869,0.625,0.0,1738647000,72,Greed,Infrequent,198.65460373735073,Consistent
0x4acb90e786d897ecffb614dc822eb231b4ffb9f4,2025-03-03,0.0,19,10522.962631578948,64.43,69.977691,0.0,0.0,1740979800,33,Fear,Infrequent,198.65460373735073,Consistent
0x4acb90e786d897ecffb614dc822eb231b4ffb9f4,2025-03-04,0.0,60,16666.611,143.82683333333335,74.999717,0.0,0.0,1741066200,15,Extreme Fear,Infrequent,198.65460373735073,Consistent
0x4acb90e786d897ecffb614dc822eb231b4ffb9f4,2025-04-03,0.0,155,5549.306774193548,218.0430322580645,126.050573,0.0,0.0,1743658200,25,Fear,Frequent,198.65460373735073,Consistent
0x4acb90e786d897ecffb614dc822eb231b4ffb9f4,2025-04-04,0.0,51,8264.040980392158,1395.5901960784313,126.439802,0.0,0.0,1743744600,28,Fear,Infrequent,198.65460373735073,Consistent
0x4f93fead39b70a1824f981a54d4e55b278e9f760,2024-01-04,0.840939,29,4654.808275862069,1.3230137931034485,47.246296,0.06896551724137931,0.0,1704346200,68,Greed,Infrequent,11512.064369266072,Inconsistent
0x4f93fead39b70a1824f981a54d4e55b278e9f760,2024-01-05,0.0,14,6216.103571428571,2.1303571428571426,30.458908,0.0,0.0,1704432600,72,Greed,Infrequent,11512.064369266072,Inconsistent
0x4f93fead39b70a1824f981a54d4e55b278e9f760,2024-01-07,1202.488212,13,7476.965384615385,2.1456,34.02019,0.6923076923076923,0.0,1704605400,71,Greed,Infrequent,11512.064369266072,Inconsistent
0x4f93fead39b70a1824f981a54d4e55b278e9f760,2024-01-08,0.0,13,11076.539230769231,3.5240846153846155,50.398244999999996,0.0,0.0,1704691800,71,Greed,Infrequent,11512.064369266072,Inconsistent
0x4f93fead39b70a1824f981a54d4e55b278e9f760,2024-01-10,0.0,4,34988.58,0.56409,48.98401,0.0,0.0,1704864600,73,Greed,Infrequent,11512.064369266072,Inconsistent
0x4f93fead39b70a1824f981a54d4e55b278e9f760,2024-01-11,1040.5747959999999,9,25670.122222222224,0.3661411111111111,80.860881,0.2222222222222222,0.0,1704951000,76,Extreme Greed,Infrequent,11512.064369266072,Inconsistent
0x4f93fead39b70a1824f981a54d4e55b278e9f760,2024-01-12,337.835516,27,22229.845925925925,0.23015037037037037,180.061741,0.5925925925925926,0.0,1705037400,71,Greed,Infrequent,11512.064369266072,Inconsistent
0x4f93fead39b70a1824f981a54d4e55b278e9f760,2024-02-04,883.760812,37,6072.016756756757,1.7731054054054054,78.632589,0.32432432432432434,0.0,1707024600,60,Greed,Infrequent,11512.064369266072,Inconsistent
0x4f93fead39b70a1824f981a54d4e55b278e9f760,2024-02-08,0.0,36,8221.31,2.7352591888888886,103.58846199999999,0.0,0.0,1707370200,66,Greed,Infrequent,11512.064369266072,Inconsistent
0x4f93fead39b70a1824f981a54d4e55b278e9f760,2024-02-09,0.0,2,15000.21,6.18285,10.500148,0.0,0.0,1707456600,72,Greed,Infrequent,11512.064369266072,Inconsistent
0x4f93fead39b70a1824f981a54d4e55b278e9f760,2024-02-10,0.0,4,24988.585,0.4102475,34.984016999999994,0.0,0.0,1707543000,74,Greed,Infrequent,11512.064369266072,Inconsistent
0x4f93fead39b70a1824f981a54d4e55b278e9f760,2024-02-11,0.0,2,20000.0,0.29036,13.999997,0.0,0.0,1707629400,71,Greed,Infrequent,11512.064369266072,Inconsistent
0x4f93fead39b70a1824f981a54d4e55b278e9f760,2024-02-12,754.7378,17,17691.249411764704,0.18413470588235295,90.225362,0.35294117647058826,0.0,1707715800,70,Greed,Infrequent,11512.064369266072,Inconsistent
0x4f93fead39b70a1824f981a54d4e55b278e9f760,2024-03-05,5319.861625,23,12059.708260869564,3.933582608695652,97.080639,0.6956521739130435,0.0,1709616600,90,Extreme Greed,Infrequent,11512.064369266072,Inconsistent
0x4f93fead39b70a1824f981a54d4e55b278e9f760,2024-03-07,1118.387284,10,10388.008,3.12222,36.358022,0.4,0.0,1709789400,82,Extreme Greed,Infrequent,11512.064369266072,Inconsistent
0x4f93fead39b70a1824f981a54d4e55b278e9f760,2024-03-08,0.0,13,8652.23,2.9494769230769227,39.367641,0.0,0.0,1709875800,81,Extreme Greed,Infrequent,11512.064369266072,Inconsistent
0x4f93fead39b70a1824f981a54d4e55b278e9f760,2024-03-10,0.0,4,30002.25,0.4975975,42.003151,0.0,0.0,1710048600,79,Extreme Greed,Infrequent,11512.064369266072,Inconsistent
0x4f93fead39b70a1824f981a54d4e55b278e9f760,2024-03-11,0.0,4,27498.585,0.404545,38.498022,0.0,0.0,1710135000,82,Extreme Greed,Infrequent,11512.064369266072,Inconsistent
0x4f93fead39b70a1824f981a54d4e55b278e9f760,2024-03-12,1467.1002210000001,9,31374.63555555556,0.3291688888888889,84.711504,0.4444444444444444,0.0,1710221400,81,Extreme Greed,Infrequent,11512.064369266072,Inconsistent
0x4f93fead39b70a1824f981a54d4e55b278e9f760,2024-04-04,0.0,32,2999.6165625,0.8838843749999999,33.595684999999996,0.0,0.0,1712208600,70,Greed,Infrequent,11512.064369266072,Inconsistent
0x4f93fead39b70a1824f981a54d4e55b278e9f760,2024-04-05,0.0,6,8999.890000000001,2.8804833333333337,18.899767,0.0,0.0,1712295000,79,Extreme Greed,Infrequent,11512.064369266072,Inconsistent
0x4f93fead39b70a1824f981a54d4e55b278e9f760,2024-04-07,0.0,14,18215.87285714286,5.7646999999999995,89.257767,0.0,0.0,1712467800,78,Extreme Greed,Infrequent,11512.064369266072,Inconsistent
0x4f93fead39b70a1824f981a54d4e55b278e9f760,2024-04-08,-108604.496278,72,12521.542916666665,4.6883875,315.542853,0.0,0.0,1712554200,76,Extreme Greed,Frequent,11512.064369266072,Inconsistent
0x4f93fead39b70a1824f981a54d4e55b278e9f760,2024-04-09,0.0,1,35004.98,14.7408,12.251742,0.0,0.0,1712640600,80,Extreme Greed,Infrequent,11512.064369266072,Inconsistent
0x4f93fead39b70a1824f981a54d4e55b278e9f760,2024-04-11,2259.351364,26,16623.486153846156,0.24145,151.273717,0.5,0.0,1712813400,76,Extreme Greed,Infrequent,11512.064369266072,Inconsistent
0x4f93fead39b70a1824f981a54d4e55b278e9f760,2024-04-12,291.35271,13,20080.955384615383,0.2093730769230769,78.315715,0.23076923076923078,0.0,1712899800,79,Extreme Greed,Infrequent,11512.064369266072,Inconsistent
0x4f93fead39b70a1824f981a54d4e55b278e9f760,2024-05-04,4444.4983010000005,10,17253.157,5.27373,60.38604000000001,0.7,0.0,1714800600,67,Greed,Infrequent,11512.064369266072,Inconsistent
0x4f93fead39b70a1824f981a54d4e55b278e9f760,2024-05-05,0.0,4,5996.512500000001,1.9072,8.395113,0.0,0.0,1714887000,69,Greed,Infrequent,11512.064369266072,Inconsistent
0x4f93fead39b70a1824f981a54d4e55b278e9f760,2024-05-07,0.0,20,13514.937,4.59095,94.604547,0.0,0.0,1715059800,68,Greed,Infrequent,11512.064369266072,Inconsistent
0x4f93fead39b70a1824f981a54d4e55b278e9f760,2024-05-08,-4779.219012,17,12572.832941176472,5.023394117647059,74.808346,0.0,0.0,1715146200,64,Greed,Infrequent,11512.064369266072,Inconsistent
0x4f93fead39b70a1824f981a54d4e55b278e9f760,2024-05-10,5767.161892,36,16822.36472222222,0.2700588888888889,211.961771,0.6666666666666666,0.0,1715319000,66,Greed,Infrequent,11512.064369266072,Inconsistent
0x4f93fead39b70a1824f981a54d4e55b278e9f760,2024-05-11,678.4759280000001,10,20062.723,0.296249,70.219524,0.5,0.0,1715405400,53,Neutral,Infrequent,11512.064369266072,Inconsistent
0x4f93fead39b70a1824f981a54d4e55b278e9f760,2024-05-12,1435.68724,19,40074.16368421053,0.40217526315789476,228.422723,0.10526315789473684,0.0,1715491800,56,Greed,Infrequent,11512.064369266072,Inconsistent
0x4f93fead39b70a1824f981a54d4e55b278e9f760,2024-06-04,236.33513399999998,16,4263.979375,1.28005,23.878277,0.25,0.0,1717479000,73,Greed,Infrequent,11512.064369266072,Inconsistent
0x4f93fead39b70a1824f981a54d4e55b278e9f760,2024-06-05,968.59038,9,22890.714444444442,7.342155555555554,72.105746,0.4444444444444444,0.0,1717565400,75,Extreme Greed,Infrequent,11512.064369266072,Inconsistent
0x4f93fead39b70a1824f981a54d4e55b278e9f760,2024-06-09,0.0,4,8747.6675,3.908275,12.246734,0.0,0.0,1717911000,75,Extreme Greed,Infrequent,11512.064369266072,Inconsistent
0x4f93fead39b70a1824f981a54d4e55b278e9f760,2024-06-10,130.487079,22,13642.298181818182,0.2190022727272727,105.045693,0.22727272727272727,0.0,1717997400,72,Greed,Infrequent,11512.064369266072,Inconsistent
0x4f93fead39b70a1824f981a54d4e55b278e9f760,2024-06-11,2821.24842,12,10158.865,0.13947500000000002,42.66723,0.5833333333333334,0.0,1718083800,74,Greed,Infrequent,11512.064369266072,Inconsistent
0x4f93fead39b70a1824f981a54d4e55b278e9f760,2024-06-12,7206.315268,59,25128.245762711864,0.25406254237288134,444.769922,0.3559322033898305,0.0,1718170200,72,Greed,Infrequent,11512.064369266072,Inconsistent
0x4f93fead39b70a1824f981a54d4e55b278e9f760,2024-07-04,0.0,23,2173.397391304348,0.6396869565217391,17.495845,0.0,0.0,1720071000,44,Fear,Infrequent,11512.064369266072,Inconsistent
0x4f93fead39b70a1824f981a54d4e55b278e9f760,2024-07-05,656.21704,10,9890.126,3.2019599999999997,34.615441,0.7,0.0,1720157400,29,Fear,Infrequent,11512.064369266072,Inconsistent
0x4f93fead39b70a1824f981a54d4e55b278e9f760,2024-07-06,7329.223137999999,52,15114.859615384614,4.096413461538462,275.090432,0.5769230769230769,0.0,1720243800,26,Fear,Infrequent,11512.064369266072,Inconsistent
0x4f93fead39b70a1824f981a54d4e55b278e9f760,2024-07-10,0.0,21,10475.459523809524,0.16447142857142857,76.994616,0.0,0.0,1720589400,28,Fear,Infrequent,11512.064369266072,Inconsistent
0x4f93fead39b70a1824f981a54d4e55b278e9f760,2024-07-11,628.96246,2,30314.425,0.40138,21.220097000000003,0.5,0.0,1720675800,29,Fear,Infrequent,11512.064369266072,Inconsistent
0x4f93fead39b70a1824f981a54d4e55b278e9f760,2024-07-12,2342.996384,4,49620.3625,0.499445,59.54443,1.0,0.0,1720762200,25,Fear,Infrequent,11512.064369266072,Inconsistent
0x4f93fead39b70a1824f981a54d4e55b278e9f760,2024-08-04,0.0,28,5827.370357142857,1.644607142857143,57.10822,0.0,0.0,1722749400,34,Fear,Infrequent,11512.064369266072,Inconsistent
0x4f93fead39b70a1824f981a54d4e55b278e9f760,2024-08-05,0.0,10,6583.419,2.1883500000000002,23.04196,0.0,0.0,1722835800,26,Fear,Infrequent,11512.064369266072,Inconsistent
0x4f93fead39b70a1824f981a54d4e55b278e9f760,2024-08-06,0.0,7,6428.95,1.7429285714285712,15.750927,0.0,0.0,1722922200,17,Extreme Fear,Infrequent,11512.064369266072,Inconsistent
0x4f93fead39b70a1824f981a54d4e55b278e9f760,2024-08-10,5396.546638,35,12416.672857142858,0.6042928285714285,152.10422,0.9428571428571428,0.0,1723267800,40,Fear,Infrequent,11512.064369266072,Inconsistent
0x4f93fead39b70a1824f981a54d4e55b278e9f760,2024-08-11,646.3734049999999,24,10026.734583333333,0.13176833333333335,84.224557,0.25,0.0,1723354200,39,Fear,Infrequent,11512.064369266072,Inconsistent
0x4f93fead39b70a1824f981a54d4e55b278e9f760,2024-08-12,0.0,7,8570.51857142857,0.08575714285714287,17.998084,0.0,0.0,1723440600,25,Fear,Infrequent,11512.064369266072,Inconsistent
0x4f93fead39b70a1824f981a54d4e55b278e9f760,2024-09-04,0.0,3,19021.280000000002,5.4326333333333325,19.972341,0.0,0.0,1725427800,27,Fear,Infrequent,11512.064369266072,Inconsistent
0x4f93fead39b70a1824f981a54d4e55b278e9f760,2024-09-05,1147.595856,25,8679.6232,2.895936,75.946694,0.44,0.0,1725514200,29,Fear,Infrequent,11512.064369266072,Inconsistent
0x4f93fead39b70a1824f981a54d4e55b278e9f760,2024-09-06,0.0,5,4199.992,1.13354,7.349985,0.0,0.0,1725600600,22,Extreme Fear,Infrequent,11512.064369266072,Inconsistent
0x4f93fead39b70a1824f981a54d4e55b278e9f760,2024-09-08,11147.900554,12,11003.166666666666,4.148116666666667,46.213288,0.75,0.0,1725773400,29,Fear,Infrequent,11512.064369266072,Inconsistent
0x4f93fead39b70a1824f981a54d4e55b278e9f760,2024-09-10,396.06272,14,15742.852142857142,0.25424285714285716,77.139967,0.21428571428571427,0.0,1725946200,33,Fear,Infrequent,11512.064369266072,Inconsistent
0x4f93fead39b70a1824f981a54d4e55b278e9f760,2024-09-11,0.0,9,16666.712222222224,0.21898888888888887,52.500144,0.0,0.0,1726032600,37,Fear,Infrequent,11512.064369266072,Inconsistent
0x4f93fead39b70a1824f981a54d4e55b278e9f760,2024-09-12,2350.499742,17,21156.991764705883,0.21195882352941176,107.900648,0.4117647058823529,0.0,1726119000,31,Fear,Infrequent,11512.064369266072,Inconsistent
0x4f93fead39b70a1824f981a54d4e55b278e9f760,2024-10-04,5207.443414,41,8578.926097560974,2.5000170731707314,123.107562,0.8780487804878049,0.0,1728019800,41,Fear,Infrequent,11512.064369266072,Inconsistent
0x4f93fead39b70a1824f981a54d4e55b278e9f760,2024-10-05,2101.741695,22,7131.0,2.4248045454545455,54.90869,0.2727272727272727,0.0,1728106200,49,Neutral,Infrequent,11512.064369266072,Inconsistent
0x4f93fead39b70a1824f981a54d4e55b278e9f760,2024-10-06,0.0,4,6000.075,1.635475,8.400105,0.0,0.0,1728192600,50,Neutral,Infrequent,11512.064369266072,Inconsistent
0x4f93fead39b70a1824f981a54d4e55b278e9f760,2024-10-07,11595.627026,43,15625.97930232558,4.981495348837209,235.170963,0.7674418604651163,0.0,1728279000,50,Neutral,Infrequent,11512.064369266072,Inconsistent
0x4f93fead39b70a1824f981a54d4e55b278e9f760,2024-10-10,0.0,16,18751.521249999998,0.315561875,105.00851,0.0,0.0,1728538200,39,Fear,Infrequent,11512.064369266072,Inconsistent
0x4f93fead39b70a1824f981a54d4e55b278e9f760,2024-10-11,548.36595,8,22568.36875,0.29348874999999996,63.191428,0.75,0.0,1728624600,32,Fear,Infrequent,11512.064369266072,Inconsistent
0x4f93fead39b70a1824f981a54d4e55b278e9f760,2024-10-12,3986.312514,36,19470.586944444443,0.20147694444444444,210.282321,0.3333333333333333,0.0,1728711000,49,Neutral,Infrequent,11512.064369266072,Inconsistent
0x4f93fead39b70a1824f981a54d4e55b278e9f760,2024-11-04,389.743164,16,4775.06,1.34810625,26.740329,0.125,0.0,1730698200,70,Greed,Infrequent,11512.064369266072,Inconsistent
0x4f93fead39b70a1824f981a54d4e55b278e9f760,2024-11-05,251.604742,9,7027.661111111111,2.4046444444444446,22.137125,1.0,0.0,1730784600,70,Greed,Infrequent,11512.064369266072,Inconsistent
0x4f93fead39b70a1824f981a54d4e55b278e9f760,2024-11-06,0.0,21,13143.021904761907,3.7423761904761905,96.60119399999999,0.0,0.0,1730871000,70,Greed,Infrequent,11512.064369266072,Inconsistent
0x4f93fead39b70a1824f981a54d4e55b278e9f760,2024-11-07,1876.812082,19,8941.422105263156,2.832973684210526,59.460443,0.47368421052631576,0.0,1730957400,77,Extreme Greed,Infrequent,11512.064369266072,Inconsistent
0x4f93fead39b70a1824f981a54d4e55b278e9f760,2024-11-08,847.7766200000001,8,5104.981250000001,1.9058125,14.293947,0.5,0.0,1731043800,75,Extreme Greed,Infrequent,11512.064369266072,Inconsistent
0x4f93fead39b70a1824f981a54d4e55b278e9f760,2024-11-10,8885.327477,25,19556.1384,0.3182728,171.116194,0.72,0.0,1731216600,78,Extreme Greed,Infrequent,11512.064369266072,Inconsistent
0x4f93fead39b70a1824f981a54d4e55b278e9f760,2024-11-11,1479.677222,20,16571.107,0.20770650000000002,115.997742,0.45,0.0,1731303000,76,Extreme Greed,Infrequent,11512.064369266072,Inconsistent
0x4f93fead39b70a1824f981a54d4e55b278e9f760,2024-11-12,1083.777057,30,23331.314333333332,0.23895966666666665,209.981818,0.26666666666666666,0.0,1731389400,80,Extreme Greed,Infrequent,11512.064369266072,Inconsistent
0x4f93fead39b70a1824f981a54d4e55b278e9f760,2024-12-04,0.0,21,7138.52761904762,2.117061904761905,52.468165,0.0,0.0,1733290200,78,Extreme Greed,Infrequent,11512.064369266072,Inconsistent
0x4f93fead39b70a1824f981a54d4e55b278e9f760,2024-12-05,0.0,10,4500.464,1.5390599999999999,15.751622000000001,0.0,0.0,1733376600,84,Extreme Greed,Infrequent,11512.064369266072,Inconsistent
0x4f93fead39b70a1824f981a54d4e55b278e9f760,2024-12-07,0.0,10,7600.664999999999,2.47182,26.602324,0.0,0.0,1733549400,75,Extreme Greed,Infrequent,11512.064369266072,Inconsistent
0x4f93fead39b70a1824f981a54d4e55b278e9f760,2024-12-08,858.6705000000001,16,2758.775,1.0760375,15.449134,0.375,0.0,1733635800,79,Extreme Greed,Infrequent,11512.064369266072,Inconsistent
0x4f93fead39b70a1824f981a54d4e55b278e9f760,2024-12-10,541.55471,10,15971.34,0.254599,55.899685,0.7,0.0,1733808600,78,Extreme Greed,Infrequent,11512.064369266072,Inconsistent
0x4f93fead39b70a1824f981a54d4e55b278e9f760,2024-12-11,2053.119744,74,14354.293783783784,1.1202693243243242,371.776165,0.16216216216216217,0.0,1733895000,74,Greed,Frequent,11512.064369266072,Inconsistent
0x4f93fead39b70a1824f981a54d4e55b278e9f760,2024-12-12,0.0,31,12254.174838709678,0.1202616129032258,113.963809,0.0,0.0,1733981400,83,Extreme Greed,Infrequent,11512.064369266072,Inconsistent
0x4f93fead39b70a1824f981a54d4e55b278e9f760,2025-01-01,0.0,1,49999.51,0.53412,14.999852,0.0,0.0,1735709400,66,Greed,Infrequent,11512.064369266072,Inconsistent
0x4f93fead39b70a1824f981a54d4e55b278e9f760,2025-01-02,0.0,4,22500.69,0.2208025,27.000824,0.0,0.0,1735795800,70,Greed,Infrequent,11512.064369266072,Inconsistent
0x4f93fead39b70a1824f981a54d4e55b278e9f760,2025-01-04,1402.082488,20,7070.317,0.084534,49.492214,0.4,0.0,1735968600,73,Greed,Infrequent,11512.064369266072,Inconsistent
0x4f93fead39b70a1824f981a54d4e55b278e9f760,2025-01-05,1220.746604,14,14373.198571428571,0.1516392857142857,70.42867100000001,0.5,0.0,1736055000,72,Greed,Infrequent,11512.064369266072,Inconsistent
0x4f93fead39b70a1824f981a54d4e55b278e9f760,2025-02-01,2399.9471460000004,19,19582.443684210524,0.20496052631578948,111.619916,0.42105263157894735,0.0,1738387800,68,Greed,Infrequent,11512.064369266072,Inconsistent
0x4f93fead39b70a1824f981a54d4e55b278e9f760,2025-02-02,0.0,30,25418.461333333333,0.25600266666666666,228.766141,0.0,0.0,1738474200,60,Greed,Infrequent,11512.064369266072,Inconsistent
0x4f93fead39b70a1824f981a54d4e55b278e9f760,2025-02-03,11005.991600000001,26,43406.429615384615,0.46190653846153845,338.570135,0.8076923076923077,0.0,1738560600,44,Fear,Infrequent,11512.064369266072,Inconsistent
0x4f93fead39b70a1824f981a54d4e55b278e9f760,2025-02-04,0.0,1,19999.7,0.23584,6.999896,0.0,0.0,1738647000,72,Greed,Infrequent,11512.064369266072,Inconsistent
0x4f93fead39b70a1824f981a54d4e55b278e9f760,2025-03-01,3084.287743,48,9644.217708333334,0.09888270833333333,151.997587,0.6041666666666666,0.0,1740807000,20,Extreme Fear,Infrequent,11512.064369266072,Inconsistent
0x4f93fead39b70a1824f981a54d4e55b278e9f760,2025-03-03,1136.272279,12,26764.120833333334,0.28997083333333334,96.350832,0.5,0.0,1740979800,33,Fear,Infrequent,11512.064369266072,Inconsistent
0x4f93fead39b70a1824f981a54d4e55b278e9f760,2025-03-04,0.0,9,31104.344444444443,0.37462111111111107,97.978681,0.0,0.0,1741066200,15,Extreme Fear,Infrequent,11512.064369266072,Inconsistent
0x4f93fead39b70a1824f981a54d4e55b278e9f760,2025-04-01,0.0,14,7142.837142857143,0.07290428571428571,30.499879,0.0,0.0,1743485400,34,Fear,Infrequent,11512.064369266072,Inconsistent
0x4f93fead39b70a1824f981a54d4e55b278e9f760,2025-04-02,6403.5061239999995,9,95439.94666666667,0.9514766666666667,257.687851,1.0,0.0,1743571800,44,Fear,Infrequent,11512.064369266072,Inconsistent
0x4f93fead39b70a1824f981a54d4e55b278e9f760,2025-04-03,8002.939313,59,25872.653898305085,0.30674,457.945929,0.4745762711864407,0.0,1743658200,25,Fear,Infrequent,11512.064369266072,Inconsistent
0x4f93fead39b70a1824f981a54d4e55b278e9f760,2025-04-04,4591.427138999999,21,20216.697142857145,0.24051380952380952,148.592715,0.6190476190476191,0.0,1743744600,28,Fear,Infrequent,11512.064369266072,Inconsistent
0x4f93fead39b70a1824f981a54d4e55b278e9f760,2025-05-01,890.33157,19,19427.31105263158,0.1980636842105263,122.659064,0.21052631578947367,0.0,1746077400,53,Neutral,Infrequent,11512.064369266072,Inconsistent
0x4f93fead39b70a1824f981a54d4e55b278e9f760,2025-05-02,0.0,9,16663.026666666665,0.17225666666666664,44.99017,0.0,0.0,1746163800,67,Greed,Infrequent,11512.064369266072,Inconsistent
0x513b8629fe877bb581bf244e326a047b249c4ff1,2024-09-12,0.0,42,1682.2211904761903,134.83666666666667,1.90281219,0.0,0.0,1726119000,31,Fear,Infrequent,27076.23626974717,Inconsistent
0x513b8629fe877bb581bf244e326a047b249c4ff1,2024-12-12,0.0,89,3332.177640449438,181.47258426966292,5.42675177,0.0,0.0,1733981400,83,Extreme Greed,Frequent,27076.23626974717,Inconsistent
0x513b8629fe877bb581bf244e326a047b249c4ff1,2025-01-04,0.0,13,13807.81,1002.0907692307693,17.232134000000002,0.0,0.0,1735968600,73,Greed,Infrequent,27076.23626974717,Inconsistent
0x513b8629fe877bb581bf244e326a047b249c4ff1,2025-01-05,60544.304874,329,22713.250030395135,153.33319148936172,1718.711472,0.7173252279635258,0.0,1736055000,72,Greed,Frequent,27076.23626974717,Inconsistent
0x513b8629fe877bb581bf244e326a047b249c4ff1,2025-03-04,0.0,49,2260.9597959183675,185.6365306122449,15.327551,0.0,0.0,1741066200,15,Extreme Fear,Infrequent,27076.23626974717,Inconsistent
0x6d6a4b953f202f8df5bed40692e7fd865318264a,2024-11-12,698.009722,8,136.67374999999998,8.75,0.382683,1.0,0.0,1731389400,80,Extreme Greed,Infrequent,221.0274161235585,Consistent
0x6d6a4b953f202f8df5bed40692e7fd865318264a,2024-12-12,362.84131,4,133.0725,7.5,0.1863,1.0,0.0,1733981400,83,Extreme Greed,Infrequent,221.0274161235585,Consistent
0x6d6a4b953f202f8df5bed40692e7fd865318264a,2025-01-02,0.0,5,1987.6240000000003,75.852,0.1274312,0.0,0.0,1735795800,70,Greed,Infrequent,221.0274161235585,Consistent
0x6d6a4b953f202f8df5bed40692e7fd865318264a,2025-01-04,132.71954399999998,14,1954.3107142857145,400.38705500000003,8.474178,0.2857142857142857,0.0,1735968600,73,Greed,Infrequent,221.0274161235585,Consistent
0x6d6a4b953f202f8df5bed40692e7fd865318264a,2025-02-04,234.497751,34,1120.655,164.6098094117647,10.156926,0.2647058823529412,0.0,1738647000,72,Greed,Infrequent,221.0274161235585,Consistent
0x6d6a4b953f202f8df5bed40692e7fd865318264a,2025-03-04,298.031364,20,922.9384999999999,206.4630335,4.44771796,0.25,0.0,1741066200,15,Extreme Fear,Infrequent,221.0274161235585,Consistent
0x6d6a4b953f202f8df5bed40692e7fd865318264a,2025-04-04,392.35488599999996,60,626.296,7460.666823333333,7.347055961,0.15,0.0,1743744600,28,Fear,Infrequent,221.0274161235585,Consistent
0x72743ae2822edd658c0c50608fd7c5c501b2afbd,2025-04-01,0.0,141,11569.857730496453,3.1914893617021276,163.134953,0.0,0.0,1743485400,34,Fear,Frequent,,Inconsistent
0x72c6a4624e1dffa724e6d00d64ceae698af892a0,2024-12-12,0.0,17,1397.385294117647,78.05882352941177,2.280519,0.0,0.0,1733981400,83,Extreme Greed,Infrequent,50481.369158837704,Inconsistent
0x72c6a4624e1dffa724e6d00d64ceae698af892a0,2025-01-03,0.0,14,791.3578571428571,17142.85714285714,1.06357,0.0,0.0,1735882200,74,Greed,Infrequent,50481.369158837704,Inconsistent
0x72c6a4624e1dffa724e6d00d64ceae698af892a0,2025-02-01,0.0,3,8894.193333333335,346.6666666666667,2.5615259999999997,0.0,0.0,1738387800,68,Greed,Infrequent,50481.369158837704,Inconsistent
0x72c6a4624e1dffa724e6d00d64ceae698af892a0,2025-02-02,0.0,37,837.1502702702703,21648.64864864865,2.973523,0.0,0.0,1738474200,60,Greed,Infrequent,50481.369158837704,Inconsistent
0x72c6a4624e1dffa724e6d00d64ceae698af892a0,2025-02-03,10915.212,25,1366.0404,73.92,3.278486,1.0,0.0,1738560600,44,Fear,Infrequent,50481.369158837704,Inconsistent
0x72c6a4624e1dffa724e6d00d64ceae698af892a0,2025-03-01,0.0,6,6065.75,250.0,3.493867,0.0,0.0,1740807000,20,Extreme Fear,Infrequent,50481.369158837704,Inconsistent
0x72c6a4624e1dffa724e6d00d64ceae698af892a0,2025-03-03,17247.427499999998,16,3784.509375,684.375,5.8129919999999995,0.625,0.0,1740979800,33,Fear,Infrequent,50481.369158837704,Inconsistent
0x72c6a4624e1dffa724e6d00d64ceae698af892a0,2025-04-01,0.0,1,2128.95,90.0,0.204379,0.0,0.0,1743485400,34,Fear,Infrequent,50481.369158837704,Inconsistent
0x72c6a4624e1dffa724e6d00d64ceae698af892a0,2025-04-02,0.0,1,15000.0,4000.0,1.44,0.0,0.0,1743571800,44,Fear,Infrequent,50481.369158837704,Inconsistent
0x72c6a4624e1dffa724e6d00d64ceae698af892a0,2025-04-03,169132.29611,155,3030.0763225806454,964.6709677419354,45.087396,0.4967741935483871,0.0,1743658200,25,Fear,Frequent,50481.369158837704,Inconsistent
0x72c6a4624e1dffa724e6d00d64ceae698af892a0,2025-05-01,0.0,8,2863.6875,112.5,2.199305,0.0,0.0,1746077400,53,Neutral,Infrequent,50481.369158837704,Inconsistent
0x75f7eeb85dc639d5e99c78f95393aa9a5f1170d4,2024-01-03,8244.241409,137,3452.370072992701,189669.1678832117,-0.546854,0.9343065693430657,0.0,1704259800,70,Greed,Frequent,6211.428149970432,Inconsistent
0x75f7eeb85dc639d5e99c78f95393aa9a5f1170d4,2024-01-04,2507.122467,48,4260.021458333334,199237.33333333334,36.505066,0.8333333333333334,0.0,1704346200,68,Greed,Infrequent,6211.428149970432,Inconsistent
0x75f7eeb85dc639d5e99c78f95393aa9a5f1170d4,2024-02-03,1674.715167,24,2510.5745833333335,26290.916666666668,-1.205066,0.875,0.0,1706938200,60,Greed,Infrequent,6211.428149970432,Inconsistent
0x75f7eeb85dc639d5e99c78f95393aa9a5f1170d4,2024-03-03,8361.086245,79,4946.1478481012655,617403.642278481,-2.507103,0.6835443037974683,0.0,1709443800,83,Extreme Greed,Frequent,6211.428149970432,Inconsistent
0x75f7eeb85dc639d5e99c78f95393aa9a5f1170d4,2024-03-04,126.7884,2,3443.955,738.0,0.6612359999999999,0.5,0.0,1709530200,82,Extreme Greed,Infrequent,6211.428149970432,Inconsistent
0x75f7eeb85dc639d5e99c78f95393aa9a5f1170d4,2024-03-05,-13.844579999999999,7,47.215714285714284,34.0,0.087448,0.14285714285714285,0.0,1709616600,90,Extreme Greed,Infrequent,6211.428149970432,Inconsistent
0x75f7eeb85dc639d5e99c78f95393aa9a5f1170d4,2024-04-03,26773.771643,287,5485.087665505226,128482.12515811845,-1.503619,0.8815331010452961,0.0,1712122200,71,Greed,Frequent,6211.428149970432,Inconsistent
0x75f7eeb85dc639d5e99c78f95393aa9a5f1170d4,2024-05-03,19791.026041,180,4676.724,249929.40555555557,-4.438459,0.9055555555555556,0.0,1714714200,48,Neutral,Frequent,6211.428149970432,Inconsistent
0x75f7eeb85dc639d5e99c78f95393aa9a5f1170d4,2024-05-04,5296.433789,82,3723.111585365854,2460.1951219512193,33.956321,0.9146341463414634,0.0,1714800600,67,Greed,Frequent,6211.428149970432,Inconsistent
0x75f7eeb85dc639d5e99c78f95393aa9a5f1170d4,2024-05-05,0.916,2,41.15,4.0,0.017665,0.5,0.0,1714887000,69,Greed,Infrequent,6211.428149970432,Inconsistent
0x75f7eeb85dc639d5e99c78f95393aa9a5f1170d4,2024-06-03,6814.825139,82,3990.4636585365856,133599.34146341463,-3.355318,0.8780487804878049,0.0,1717392600,73,Greed,Frequent,6211.428149970432,Inconsistent
0x75f7eeb85dc639d5e99c78f95393aa9a5f1170d4,2024-07-05,0.0,1,47.59,6.0,0.004568,0.0,0.0,1720157400,29,Fear,Infrequent,6211.428149970432,Inconsistent
0x75f7eeb85dc639d5e99c78f95393aa9a5f1170d4,2024-08-03,4271.886236,67,2740.047462686567,51466.72835820895,-3.6716290000000003,0.8805970149253731,0.0,1722663000,37,Fear,Infrequent,6211.428149970432,Inconsistent
0x75f7eeb85dc639d5e99c78f95393aa9a5f1170d4,2024-08-04,1218.4267,2,24387.135,5723.0,4.682328,0.5,0.0,1722749400,34,Fear,Infrequent,6211.428149970432,Inconsistent
0x75f7eeb85dc639d5e99c78f95393aa9a5f1170d4,2024-08-05,1.56576,3,46.46,72.66666666666667,0.034866,0.3333333333333333,0.0,1722835800,26,Fear,Infrequent,6211.428149970432,Inconsistent
0x75f7eeb85dc639d5e99c78f95393aa9a5f1170d4,2024-09-03,9949.501624,117,5625.459401709401,153711.76666666666,1.8517640000000002,0.8290598290598291,0.0,1725341400,26,Fear,Frequent,6211.428149970432,Inconsistent
0x75f7eeb85dc639d5e99c78f95393aa9a5f1170d4,2024-09-12,0.01574,7,16.731428571428573,0.3114285714285714,0.039342,0.42857142857142855,0.0,1726119000,31,Fear,Infrequent,6211.428149970432,Inconsistent
0x75f7eeb85dc639d5e99c78f95393aa9a5f1170d4,2024-10-03,2482.9272,42,5237.472619047619,762.8590476190477,2.281072,0.6904761904761905,0.0,1727933400,37,Fear,Infrequent,6211.428149970432,Inconsistent
0x75f7eeb85dc639d5e99c78f95393aa9a5f1170d4,2024-10-12,3634.56814,153,1401.238888888889,1791.2738954248366,29.384128,0.9607843137254902,0.0,1728711000,49,Neutral,Frequent,6211.428149970432,Inconsistent
0x75f7eeb85dc639d5e99c78f95393aa9a5f1170d4,2024-11-03,3588.179495,42,4202.844047619047,3318.3571428571427,8.47289,0.9285714285714286,0.0,1730611800,74,Greed,Infrequent,6211.428149970432,Inconsistent
0x75f7eeb85dc639d5e99c78f95393aa9a5f1170d4,2024-11-12,1567.4026840000001,23,7024.881304347826,4086.521739130435,25.752448,0.34782608695652173,0.0,1731389400,80,Extreme Greed,Infrequent,6211.428149970432,Inconsistent
0x75f7eeb85dc639d5e99c78f95393aa9a5f1170d4,2024-12-03,3039.166,8,12880.10625,1425.5,4.945953,0.875,0.0,1733203800,76,Extreme Greed,Infrequent,6211.428149970432,Inconsistent
0x75f7eeb85dc639d5e99c78f95393aa9a5f1170d4,2024-12-04,2237.798674,93,2815.611935483871,183603.1677419355,34.478052,0.7634408602150538,0.0,1733290200,78,Extreme Greed,Frequent,6211.428149970432,Inconsistent
0x75f7eeb85dc639d5e99c78f95393aa9a5f1170d4,2024-12-12,323.34897900000016,52,3563.27,12218.442307692309,31.148417,0.07692307692307693,0.0,1733981400,83,Extreme Greed,Infrequent,6211.428149970432,Inconsistent
0x75f7eeb85dc639d5e99c78f95393aa9a5f1170d4,2025-01-02,9609.447365,148,4026.3325675675674,42093.36148648649,97.74337,0.7702702702702703,0.0,1735795800,70,Greed,Frequent,6211.428149970432,Inconsistent
0x75f7eeb85dc639d5e99c78f95393aa9a5f1170d4,2025-02-01,3429.9583199999997,53,3870.1449056603774,3599.4150943396226,25.233412,0.9433962264150944,0.0,1738387800,68,Greed,Infrequent,6211.428149970432,Inconsistent
0x75f7eeb85dc639d5e99c78f95393aa9a5f1170d4,2025-02-03,948.6016900000001,12,3923.564166666667,13560.833333333334,5.349213,0.9166666666666666,0.0,1738560600,44,Fear,Infrequent,6211.428149970432,Inconsistent
0x75f7eeb85dc639d5e99c78f95393aa9a5f1170d4,2025-02-04,90.98474,11,2925.4536363636366,236324.0,3.0892720000000002,0.8181818181818182,0.0,1738647000,72,Greed,Infrequent,6211.428149970432,Inconsistent
0x75f7eeb85dc639d5e99c78f95393aa9a5f1170d4,2025-03-02,14982.681725,351,2940.937606837607,34685.58337891738,164.396728,0.7492877492877493,0.0,1740893400,26,Fear,Frequent,6211.428149970432,Inconsistent
0x75f7eeb85dc639d5e99c78f95393aa9a5f1170d4,2025-03-03,-370.250064,101,1018.7064356435644,7062.962376237623,9.877271,0.6039603960396039,0.0,1740979800,33,Fear,Frequent,6211.428149970432,Inconsistent
0x75f7eeb85dc639d5e99c78f95393aa9a5f1170d4,2025-04-02,1985.815595,76,1605.050657894737,5234.8421052631575,16.000068,0.9736842105263158,0.0,1743571800,44,Fear,Frequent,6211.428149970432,Inconsistent
0x75f7eeb85dc639d5e99c78f95393aa9a5f1170d4,2025-05-02,14.590934,20,2107.2529999999997,3200.43,4.417903,0.75,0.0,1746163800,67,Greed,Infrequent,6211.428149970432,Inconsistent
0x7f4f299f74eec87806a830e3caa9afa5f2b9db8f,2025-01-01,0.0,3,7555.826666666667,313.13,0.09393894,0.0,0.0,1735709400,66,Greed,Infrequent,510.52180137688174,Consistent
0x7f4f299f74eec87806a830e3caa9afa5f2b9db8f,2025-02-01,1008.518954,9,6758.5633333333335,264.96666666666664,3.6017669,0.5555555555555556,0.0,1738387800,68,Greed,Infrequent,510.52180137688174,Consistent
0x7f4f299f74eec87806a830e3caa9afa5f2b9db8f,2025-03-01,937.789615,26,1975.7373076923077,84.83192307692308,2.84845973,0.6538461538461539,0.0,1740807000,20,Extreme Fear,Infrequent,510.52180137688174,Consistent
0x7f4f299f74eec87806a830e3caa9afa5f2b9db8f,2025-05-01,1093.05677,7,1828.1614285714284,71.75285714285714,1.279708,1.0,0.0,1746077400,53,Neutral,Infrequent,510.52180137688174,Consistent
0x8170715b3b381dffb7062c0298972d4727a0a63b,2025-01-02,0.0,18,773.4088888888889,402.8888888888889,1.336437,0.0,0.0,1735795800,70,Greed,Infrequent,4371.524465796815,Inconsistent
0x8170715b3b381dffb7062c0298972d4727a0a63b,2025-01-04,4004.50286,13,9495.466153846153,2558.206737692308,34.276202000000005,0.9230769230769231,0.0,1735968600,73,Greed,Infrequent,4371.524465796815,Inconsistent
0x8170715b3b381dffb7062c0298972d4727a0a63b,2025-02-01,739.18423,3,1004.1633333333334,314.8333333333333,1.054367,1.0,0.0,1738387800,68,Greed,Infrequent,4371.524465796815,Inconsistent
0x8170715b3b381dffb7062c0298972d4727a0a63b,2025-02-02,0.0,30,1333.3373333333334,800.1033333333332,5.040154,0.0,0.0,1738474200,60,Greed,Infrequent,4371.524465796815,Inconsistent
0x8170715b3b381dffb7062c0298972d4727a0a63b,2025-02-03,0.0,2,2499.975,2906.95,0.47999499999999995,0.0,0.0,1738560600,44,Fear,Infrequent,4371.524465796815,Inconsistent
0x8170715b3b381dffb7062c0298972d4727a0a63b,2025-02-04,8045.056928,7,2142.8557142857144,3648.457142857143,1.4399929999999999,1.0,0.0,1738647000,72,Greed,Infrequent,4371.524465796815,Inconsistent
0x8170715b3b381dffb7062c0298972d4727a0a63b,2025-03-02,13770.715332,119,355.00016806722687,272.0857142857143,4.055456,0.8067226890756303,0.0,1740893400,26,Fear,Frequent,4371.524465796815,Inconsistent
0x8170715b3b381dffb7062c0298972d4727a0a63b,2025-03-03,0.0,8,624.99375,694.4375,0.479993,0.0,0.0,1740979800,33,Fear,Infrequent,4371.524465796815,Inconsistent
0x8170715b3b381dffb7062c0298972d4727a0a63b,2025-03-04,0.0,85,5629.0912941176475,1786.7718330588236,59.968334999999996,0.0,0.0,1741066200,15,Extreme Fear,Frequent,4371.524465796815,Inconsistent
0x8170715b3b381dffb7062c0298972d4727a0a63b,2025-04-02,0.0,45,676.7046666666666,447.5111111111111,2.923326,0.0,0.0,1743571800,44,Fear,Infrequent,4371.524465796815,Inconsistent
0x8170715b3b381dffb7062c0298972d4727a0a63b,2025-04-03,6939.47356,16,937.494375,1192.55,1.43998,0.8125,0.0,1743658200,25,Fear,Infrequent,4371.524465796815,Inconsistent
0x8170715b3b381dffb7062c0298972d4727a0a63b,2025-04-04,4805.345609999999,68,932.0805882352942,1374.6776470588236,8.48551,0.10294117647058823,0.0,1743744600,28,Fear,Infrequent,4371.524465796815,Inconsistent
0x8170715b3b381dffb7062c0298972d4727a0a63b,2025-05-02,0.0,25,599.9928,361.816,1.439955,0.0,0.0,1746163800,67,Greed,Infrequent,4371.524465796815,Inconsistent
0x8381e6d82f1affd39a336e143e081ef7620a3b7f,2024-01-12,0.0,3,999.5866666666667,32115.0,1.049569,0.0,0.0,1705037400,71,Greed,Infrequent,2307.2486357270923,Consistent
0x8381e6d82f1affd39a336e143e081ef7620a3b7f,2024-02-12,0.0,6,340.65333333333336,82.78333333333333,0.43464074,0.0,0.0,1707715800,70,Greed,Infrequent,2307.2486357270923,Consistent
0x8381e6d82f1affd39a336e143e081ef7620a3b7f,2024-04-12,33.26141600000001,10,669.609,9695.221000000001,1.54664128,0.2,0.0,1712899800,79,Extreme Greed,Infrequent,2307.2486357270923,Consistent
0x8381e6d82f1affd39a336e143e081ef7620a3b7f,2024-05-12,0.0,2,294.265,21.71,0.01519692,0.0,0.0,1715491800,56,Greed,Infrequent,2307.2486357270923,Consistent
0x8381e6d82f1affd39a336e143e081ef7620a3b7f,2024-06-12,0.0,1,292.11,23.22,0.00232193,0.0,0.0,1718170200,72,Greed,Infrequent,2307.2486357270923,Consistent
0x8381e6d82f1affd39a336e143e081ef7620a3b7f,2024-07-12,0.0,3,1021.2966666666667,72.27666666666666,0.02168289,0.0,0.0,1720762200,25,Fear,Infrequent,2307.2486357270923,Consistent
0x8381e6d82f1affd39a336e143e081ef7620a3b7f,2024-08-12,-21.54374,5,984.758,211.67200000000003,1.01392597,0.0,0.0,1723440600,25,Fear,Infrequent,2307.2486357270923,Consistent
0x8381e6d82f1affd39a336e143e081ef7620a3b7f,2024-09-12,0.0,4,440.95,33.455,0.02488189,0.0,0.0,1726119000,31,Fear,Infrequent,2307.2486357270923,Consistent
0x8381e6d82f1affd39a336e143e081ef7620a3b7f,2024-10-12,0.0,1,587.97,47.88,0.00478794,0.0,0.0,1728711000,49,Neutral,Infrequent,2307.2486357270923,Consistent
0x8381e6d82f1affd39a336e143e081ef7620a3b7f,2025-01-01,0.0,5,200.802,8.448,0.01478382,0.0,0.0,1735709400,66,Greed,Infrequent,2307.2486357270923,Consistent
0x8381e6d82f1affd39a336e143e081ef7620a3b7f,2025-02-02,0.0,19,1943.7873684210526,80.30052631578947,0.53399801,0.0,0.0,1738474200,60,Greed,Infrequent,2307.2486357270923,Consistent
0x8381e6d82f1affd39a336e143e081ef7620a3b7f,2025-03-02,0.0,8,2351.285,109.02875,0.30528029,0.0,0.0,1740893400,26,Fear,Infrequent,2307.2486357270923,Consistent
0x8381e6d82f1affd39a336e143e081ef7620a3b7f,2025-04-01,0.0,2,710.865,30.799999999999997,0.00615996,0.0,0.0,1743485400,34,Fear,Infrequent,2307.2486357270923,Consistent
0x8381e6d82f1affd39a336e143e081ef7620a3b7f,2025-04-02,9167.620989,104,58124.15365384616,23.62887730769231,2115.719137,0.47115384615384615,0.0,1743571800,44,Fear,Frequent,2307.2486357270923,Consistent
0x8381e6d82f1affd39a336e143e081ef7620a3b7f,2025-05-01,0.0,1,456.83,18.51,0.00185097,0.0,0.0,1746077400,53,Neutral,Infrequent,2307.2486357270923,Consistent
0x8381e6d82f1affd39a336e143e081ef7620a3b7f,2025-05-02,1843.301845,327,2347.8439143730884,90.88819571865443,119.89688567,0.3853211009174312,0.0,1746163800,67,Greed,Frequent,2307.2486357270923,Consistent
0x8477e447846c758f5a675856001ea72298fd9cb5,2024-01-06,91.510419,25,513.3848,19997.52,4.492106,0.36,0.0,1704519000,70,Greed,Infrequent,3689.118691118268,Consistent
0x8477e447846c758f5a675856001ea72298fd9cb5,2024-01-08,167.080017,34,1432.7749999999999,255.7870026470588,17.050004,0.11764705882352941,0.0,1704691800,71,Greed,Infrequent,3689.118691118268,Consistent
0x8477e447846c758f5a675856001ea72298fd9cb5,2024-01-09,137.433093,12,1029.9733333333334,487.2467616666666,4.325861,0.4166666666666667,0.0,1704778200,76,Extreme Greed,Infrequent,3689.118691118268,Consistent
0x8477e447846c758f5a675856001ea72298fd9cb5,2024-01-12,1169.432253,123,893.489918699187,696.8910569105692,38.464692,0.44715447154471544,0.0,1705037400,71,Greed,Frequent,3689.118691118268,Consistent
0x8477e447846c758f5a675856001ea72298fd9cb5,2024-02-06,192.906947,93,316.822688172043,336.43548387096774,7.792912,0.3655913978494624,0.0,1707197400,64,Greed,Frequent,3689.118691118268,Consistent
0x8477e447846c758f5a675856001ea72298fd9cb5,2024-02-08,228.247701,15,1984.4720000000002,2.075814,10.418471,0.8,0.0,1707370200,66,Greed,Infrequent,3689.118691118268,Consistent
0x8477e447846c758f5a675856001ea72298fd9cb5,2024-02-12,254.15562,8,1667.92875,614.575,4.670198,0.125,0.0,1707715800,70,Greed,Infrequent,3689.118691118268,Consistent
0x8477e447846c758f5a675856001ea72298fd9cb5,2024-03-06,562.808208,70,306.66942857142857,274.2757142857143,5.378086,0.6285714285714286,0.0,1709703000,75,Extreme Greed,Frequent,3689.118691118268,Consistent
0x8477e447846c758f5a675856001ea72298fd9cb5,2024-03-08,464.1897,1,4534.09,30.75,1.58693,1.0,0.0,1709875800,81,Extreme Greed,Infrequent,3689.118691118268,Consistent
0x8477e447846c758f5a675856001ea72298fd9cb5,2024-03-12,-158.695661,6,2708.735,944.6999999999999,5.688339,0.0,0.0,1710221400,81,Extreme Greed,Infrequent,3689.118691118268,Consistent
0x8477e447846c758f5a675856001ea72298fd9cb5,2024-04-06,52.211438,53,457.42283018867926,46.85543735849057,7.432953,0.4716981132075472,0.0,1712381400,75,Extreme Greed,Infrequent,3689.118691118268,Consistent
0x8477e447846c758f5a675856001ea72298fd9cb5,2024-04-08,109.005815,17,2129.0517647058823,0.13002941176470587,12.667850000000001,0.17647058823529413,0.0,1712554200,76,Extreme Greed,Infrequent,3689.118691118268,Consistent
0x8477e447846c758f5a675856001ea72298fd9cb5,2024-05-06,56.055506,54,469.4587037037037,45.408776296296296,7.1040600000000005,0.2962962962962963,0.0,1714973400,71,Greed,Infrequent,3689.118691118268,Consistent
0x8477e447846c758f5a675856001ea72298fd9cb5,2024-05-08,160.44369899999998,17,2357.7947058823524,0.04666,14.028866,0.4117647058823529,0.0,1715146200,64,Greed,Infrequent,3689.118691118268,Consistent
0x8477e447846c758f5a675856001ea72298fd9cb5,2024-06-06,274.173187,234,587.8536752136753,303.81933333333336,37.079424,0.42735042735042733,0.0,1717651800,78,Extreme Greed,Frequent,3689.118691118268,Consistent
0x8477e447846c758f5a675856001ea72298fd9cb5,2024-07-06,1573.244278,374,832.9677272727273,727.4469045454546,97.668292,0.39037433155080214,0.0,1720243800,26,Fear,Frequent,3689.118691118268,Consistent
0x8477e447846c758f5a675856001ea72298fd9cb5,2024-08-06,129.13883900000002,22,2379.510454545454,109.68463636363636,18.32221,0.36363636363636365,0.0,1722922200,17,Extreme Fear,Infrequent,3689.118691118268,Consistent
0x8477e447846c758f5a675856001ea72298fd9cb5,2024-09-08,151.092375,69,635.3107246376812,342.57600869565215,15.342713,0.2463768115942029,0.0,1725773400,29,Fear,Frequent,3689.118691118268,Consistent
0x8477e447846c758f5a675856001ea72298fd9cb5,2024-09-11,102.90894,77,563.4285714285714,1000.2717701298702,13.684359,0.24675324675324675,0.0,1726032600,37,Fear,Frequent,3689.118691118268,Consistent
0x8477e447846c758f5a675856001ea72298fd9cb5,2024-10-06,31.266804999999998,49,460.97204081632657,109.22448979591837,6.296223,0.3673469387755102,0.0,1728192600,50,Neutral,Infrequent,3689.118691118268,Consistent
0x8477e447846c758f5a675856001ea72298fd9cb5,2024-10-11,442.748384,164,1361.297987804878,5096.916388902439,78.13843,0.27439024390243905,0.0,1728624600,32,Fear,Frequent,3689.118691118268,Consistent
0x8477e447846c758f5a675856001ea72298fd9cb5,2024-11-06,51.081143,27,696.6096296296296,226.94171333333335,6.582947,0.3333333333333333,0.0,1730871000,70,Greed,Infrequent,3689.118691118268,Consistent
0x8477e447846c758f5a675856001ea72298fd9cb5,2024-11-11,4876.874304,172,1907.2104069767443,17707.331101104653,109.53626799999999,0.45930232558139533,0.0,1731303000,76,Extreme Greed,Frequent,3689.118691118268,Consistent
0x8477e447846c758f5a675856001ea72298fd9cb5,2024-12-06,-21886.531493,217,884.2718433179723,167.97931953917052,63.692827,0.0967741935483871,0.0,1733463000,72,Greed,Frequent,3689.118691118268,Consistent
0x8477e447846c758f5a675856001ea72298fd9cb5,2024-12-11,1441.27965,91,1631.5342857142857,1567.6995067032967,51.964324999999995,0.24175824175824176,0.0,1733895000,74,Greed,Frequent,3689.118691118268,Consistent
0x8477e447846c758f5a675856001ea72298fd9cb5,2025-01-02,1579.909758,60,615.154,2874.3918333333336,12.918201,0.48333333333333334,0.0,1735795800,70,Greed,Infrequent,3689.118691118268,Consistent
0x8477e447846c758f5a675856001ea72298fd9cb5,2025-01-05,-200.94846,19,309.6568421052632,272.40000000000003,1.088026,0.0,0.0,1736055000,72,Greed,Infrequent,3689.118691118268,Consistent
0x8477e447846c758f5a675856001ea72298fd9cb5,2025-02-01,45.086985,77,332.6585714285714,1674.3636254545454,8.74195096,0.12987012987012986,0.0,1738387800,68,Greed,Frequent,3689.118691118268,Consistent
0x8477e447846c758f5a675856001ea72298fd9cb5,2025-02-02,1023.934713,60,1069.4091666666668,1811.613813,22.457569,0.25,0.0,1738474200,60,Greed,Infrequent,3689.118691118268,Consistent
0x8477e447846c758f5a675856001ea72298fd9cb5,2025-03-01,909.1721379999999,177,251.76581920903956,1123.0011478531073,14.999851,0.1807909604519774,0.0,1740807000,20,Extreme Fear,Frequent,3689.118691118268,Consistent
0x8477e447846c758f5a675856001ea72298fd9cb5,2025-03-02,1474.607584,138,1645.3448550724638,733.9499452173912,79.470085,0.4855072463768116,0.0,1740893400,26,Fear,Frequent,3689.118691118268,Consistent
0x8477e447846c758f5a675856001ea72298fd9cb5,2025-03-03,468.35197800000003,68,575.8669117647058,2624.7380613235296,13.705607,0.3382352941176471,0.0,1740979800,33,Fear,Infrequent,3689.118691118268,Consistent
0x8477e447846c758f5a675856001ea72298fd9cb5,2025-03-04,0.0,6,666.2016666666667,5.828333333333333,1.399017,0.0,0.0,1741066200,15,Extreme Fear,Infrequent,3689.118691118268,Consistent
0x8477e447846c758f5a675856001ea72298fd9cb5,2025-04-01,30.818079,51,182.9343137254902,1197.9058215686273,3.265351,0.0392156862745098,0.0,1743485400,34,Fear,Infrequent,3689.118691118268,Consistent
0x8477e447846c758f5a675856001ea72298fd9cb5,2025-04-02,0.0,6,462.50499999999994,22404.833333333332,0.971256,0.0,0.0,1743571800,44,Fear,Infrequent,3689.118691118268,Consistent
0x8477e447846c758f5a675856001ea72298fd9cb5,2025-04-03,54.2704,8,1117.82,0.8040174999999999,3.1298969999999997,0.125,0.0,1743658200,25,Fear,Infrequent,3689.118691118268,Consistent
0x8477e447846c758f5a675856001ea72298fd9cb5,2025-04-04,586.623362,54,483.5138888888889,180.23316555555556,8.263874,0.3148148148148148,0.0,1743744600,28,Fear,Infrequent,3689.118691118268,Consistent
0x8477e447846c758f5a675856001ea72298fd9cb5,2025-05-01,151.429584,51,209.45666666666668,3875.8098039215683,2.822904,0.17647058823529413,0.0,1746077400,53,Neutral,Infrequent,3689.118691118268,Consistent
0x8477e447846c758f5a675856001ea72298fd9cb5,2025-05-02,554.257954,20,554.9604999999999,35082.69,3.8847129999999996,0.6,0.0,1746163800,67,Greed,Infrequent,3689.118691118268,Consistent
0x92f17e8d81a944691c10e753af1b1baae1a2cd0d,2025-02-02,12245.905048999999,169,2370.67449704142,3550.2958579881656,140.225324,0.4437869822485207,0.0,1738474200,60,Greed,Frequent,,Inconsistent
0xa0feb3725a9335f49874d7cd8eaad6be45b27416,2025-01-02,923.487443,18,1390.1038888888888,50.272777777777776,2.633701,1.0,0.0,1735795800,70,Greed,Infrequent,2878.7319817404273,Consistent
0xa0feb3725a9335f49874d7cd8eaad6be45b27416,2025-01-05,1449.529436,288,1130.8870833333333,21.027215902777776,27.8552032658,0.3506944444444444,0.0,1736055000,72,Greed,Frequent,2878.7319817404273,Consistent
0xa0feb3725a9335f49874d7cd8eaad6be45b27416,2025-02-02,0.0,29,1210.4648275862069,51.90724137931034,5.072198,0.0,0.0,1738474200,60,Greed,Infrequent,2878.7319817404273,Consistent
0xa0feb3725a9335f49874d7cd8eaad6be45b27416,2025-02-03,625.512206,32,1691.2284375000002,1443.625,2.793128,0.5,0.0,1738560600,44,Fear,Infrequent,2878.7319817404273,Consistent
0xa0feb3725a9335f49874d7cd8eaad6be45b27416,2025-03-02,2161.6751200000003,15,8577.862,193.24396933333335,26.363956,0.4,0.0,1740893400,26,Fear,Infrequent,2878.7319817404273,Consistent
0xa0feb3725a9335f49874d7cd8eaad6be45b27416,2025-03-03,60.171373,176,234.52426136363636,726.3688068181818,2.7102749999999998,0.08522727272727272,0.0,1740979800,33,Fear,Frequent,2878.7319817404273,Consistent
0xa0feb3725a9335f49874d7cd8eaad6be45b27416,2025-04-02,4624.583773,731,1221.8522845417237,515.9312598905609,157.259385,0.18878248974008208,0.0,1743571800,44,Fear,Frequent,2878.7319817404273,Consistent
0xa0feb3725a9335f49874d7cd8eaad6be45b27416,2025-04-03,0.0,40,369.27675,20.669249999999998,0.738537,0.0,0.0,1743658200,25,Fear,Infrequent,2878.7319817404273,Consistent
0xa0feb3725a9335f49874d7cd8eaad6be45b27416,2025-05-02,-6194.283149,368,4161.944646739131,925.1847711413044,304.26918,0.12228260869565218,0.0,1746163800,67,Greed,Frequent,2878.7319817404273,Consistent
0xa520ded057a32086c40e7dd6ed4eb8efb82c00e0,2024-01-12,34709.852428,61,856.4519672131147,141.5655737704918,9.36078833,0.8032786885245902,0.0,1705037400,71,Greed,Infrequent,9580.141778550678,Inconsistent
0xa520ded057a32086c40e7dd6ed4eb8efb82c00e0,2024-03-08,0.0,16,9281.686875,3.1269375,51.977449,0.0,0.0,1709875800,81,Extreme Greed,Infrequent,9580.141778550678,Inconsistent
0xa520ded057a32086c40e7dd6ed4eb8efb82c00e0,2024-03-12,0.0,34,2941.1758823529412,319.5464705882353,2.2150486799999998,0.0,0.0,1710221400,81,Extreme Greed,Infrequent,9580.141778550678,Inconsistent
0xa520ded057a32086c40e7dd6ed4eb8efb82c00e0,2024-04-08,-14176.51042,10,13492.987,424.2031,48.482797000000005,0.0,0.0,1712554200,76,Extreme Greed,Infrequent,9580.141778550678,Inconsistent
0xa520ded057a32086c40e7dd6ed4eb8efb82c00e0,2024-05-08,0.0,2,10053.805,78266.0,36.606680000000004,0.0,0.0,1715146200,64,Greed,Infrequent,9580.141778550678,Inconsistent
0xa520ded057a32086c40e7dd6ed4eb8efb82c00e0,2024-07-08,0.0,1,500.0,2136.66,0.2136618,0.0,0.0,1720416600,28,Fear,Infrequent,9580.141778550678,Inconsistent
0xa520ded057a32086c40e7dd6ed4eb8efb82c00e0,2024-07-11,3360.9281,95,208.8205263157895,540.8495789473684,1.87150338,0.5052631578947369,0.0,1720675800,29,Fear,Frequent,9580.141778550678,Inconsistent
0xa520ded057a32086c40e7dd6ed4eb8efb82c00e0,2024-08-08,-40.712216999999995,4,114.82,534.11158455,0.160745,0.0,0.0,1723095000,20,Extreme Fear,Infrequent,9580.141778550678,Inconsistent
0xa520ded057a32086c40e7dd6ed4eb8efb82c00e0,2024-08-09,0.0,1,0.11,0.93414,0.0,0.0,0.0,1723181400,48,Neutral,Infrequent,9580.141778550678,Inconsistent
0xa520ded057a32086c40e7dd6ed4eb8efb82c00e0,2024-09-08,0.0,2,250.0,406.98,0.08139447,0.0,0.0,1725773400,29,Fear,Infrequent,9580.141778550678,Inconsistent
0xa520ded057a32086c40e7dd6ed4eb8efb82c00e0,2024-10-09,-219.729659,2,890.27,0.38105,0.62319,0.0,0.0,1728451800,49,Neutral,Infrequent,9580.141778550678,Inconsistent
0xa520ded057a32086c40e7dd6ed4eb8efb82c00e0,2024-10-12,0.0,8,13718.098750000001,1020.41,2.38649766,0.0,0.0,1728711000,49,Neutral,Infrequent,9580.141778550678,Inconsistent
0xa520ded057a32086c40e7dd6ed4eb8efb82c00e0,2024-11-12,994.238977,15,165.00133333333332,731.4666666666667,0.620024,1.0,0.0,1731389400,80,Extreme Greed,Infrequent,9580.141778550678,Inconsistent
0xa520ded057a32086c40e7dd6ed4eb8efb82c00e0,2024-12-12,2512.437585,4,1374.4125000000001,19527.2,1.8742159999999999,1.0,0.0,1733981400,83,Extreme Greed,Infrequent,9580.141778550678,Inconsistent
0xa520ded057a32086c40e7dd6ed4eb8efb82c00e0,2025-03-02,20.596691,1,999.91,44.01,0.349967,1.0,0.0,1740893400,26,Fear,Infrequent,9580.141778550678,Inconsistent
0xa520ded057a32086c40e7dd6ed4eb8efb82c00e0,2025-04-01,556.803152,5,213.09399999999997,753.8,0.356291,1.0,0.0,1743485400,34,Fear,Infrequent,9580.141778550678,Inconsistent
0xae5eacaf9c6b9111fd53034a602c192a04e082ed,2024-02-12,0.0,44,1779.0295454545455,227.36363636363637,3.50139761,0.0,0.0,1707715800,70,Greed,Infrequent,10462.756611,Inconsistent
0xae5eacaf9c6b9111fd53034a602c192a04e082ed,2024-03-12,20925.513222,145,3898.738206896552,82.762,197.860887,0.7241379310344828,0.0,1710221400,81,Extreme Greed,Frequent,10462.756611,Inconsistent
0xae5eacaf9c6b9111fd53034a602c192a04e082ed,2024-04-12,0.0,1,0.1,0.00860239,0.0,0.0,0.0,1712899800,79,Extreme Greed,Infrequent,10462.756611,Inconsistent
0xae5eacaf9c6b9111fd53034a602c192a04e082ed,2025-04-03,0.0,21,7268.525238095238,11904.761904761905,51.286693,0.0,0.0,1743658200,25,Fear,Infrequent,10462.756611,Inconsistent
0xaf40fdc468c30116bd3307bcbf4a451a7ebf1deb,2024-09-12,0.0,4,1968.8700000000001,0.0671275,0.787545,0.0,0.0,1726119000,31,Fear,Infrequent,1000.9648733779911,Consistent
0xaf40fdc468c30116bd3307bcbf4a451a7ebf1deb,2024-11-12,39.7705,1,7158.62,0.07231,2.505516,1.0,0.0,1731389400,80,Extreme Greed,Infrequent,1000.9648733779911,Consistent
0xaf40fdc468c30116bd3307bcbf4a451a7ebf1deb,2024-12-12,15.24474,1,771.87,0.1962,0.270154,1.0,0.0,1733981400,83,Extreme Greed,Infrequent,1000.9648733779911,Consistent
0xaf40fdc468c30116bd3307bcbf4a451a7ebf1deb,2025-03-04,2020.0,8,42527.5,0.5,34.021999,0.125,0.0,1741066200,15,Extreme Fear,Infrequent,1000.9648733779911,Consistent
0xb1231a4a2dd02f2276fa3c5e2a2f3436e6bfed23,2023-05-12,0.0,9,5556.203333333334,1.3121122222222223,12.501455,0.0,0.0,1683869400,49,Neutral,Infrequent,64710.95422837255,Inconsistent
0xb1231a4a2dd02f2276fa3c5e2a2f3436e6bfed23,2024-01-01,-129.53146,18,14679.973888888888,232.15481333333335,66.059867,0.05555555555555555,0.0,1704087000,65,Greed,Infrequent,64710.95422837255,Inconsistent
0xb1231a4a2dd02f2276fa3c5e2a2f3436e6bfed23,2024-01-02,0.0,6,334.69666666666666,7497.666666666667,0.5020439999999999,0.0,0.0,1704173400,71,Greed,Infrequent,64710.95422837255,Inconsistent
0xb1231a4a2dd02f2276fa3c5e2a2f3436e6bfed23,2024-01-07,3863.351096,51,5205.286274509804,24062.933466666665,391.30283499999996,0.3333333333333333,0.0,1704605400,71,Greed,Infrequent,64710.95422837255,Inconsistent
0xb1231a4a2dd02f2276fa3c5e2a2f3436e6bfed23,2024-01-08,0.0,9,3896.047777777778,31563.13606666667,40.646786999999996,0.0,0.0,1704691800,71,Greed,Infrequent,64710.95422837255,Inconsistent
0xb1231a4a2dd02f2276fa3c5e2a2f3436e6bfed23,2024-02-01,783.979116,17,7138.1611764705885,12248.13852117647,30.337176,0.47058823529411764,0.0,1706765400,63,Greed,Infrequent,64710.95422837255,Inconsistent
0xb1231a4a2dd02f2276fa3c5e2a2f3436e6bfed23,2024-02-02,456.423473,42,11292.343571428572,1003.3270671428572,91.569636,0.30952380952380953,0.0,1706851800,63,Greed,Infrequent,64710.95422837255,Inconsistent
0xb1231a4a2dd02f2276fa3c5e2a2f3436e6bfed23,2024-02-03,-1443.814567,7,420.5385714285714,2964.4285714285716,0.735937,0.0,0.0,1706938200,60,Greed,Infrequent,64710.95422837255,Inconsistent
0xb1231a4a2dd02f2276fa3c5e2a2f3436e6bfed23,2024-02-04,0.0,4,3749.9725,1473.125,1.4999850000000001,0.0,0.0,1707024600,60,Greed,Infrequent,64710.95422837255,Inconsistent
0xb1231a4a2dd02f2276fa3c5e2a2f3436e6bfed23,2024-02-07,2421.253116,18,1852.6372222222224,634.4611111111112,11.458730000000001,0.7222222222222222,0.0,1707283800,62,Greed,Infrequent,64710.95422837255,Inconsistent
0xb1231a4a2dd02f2276fa3c5e2a2f3436e6bfed23,2024-02-08,554.12049,12,5882.177500000001,5683.647291666667,31.513529000000002,0.4166666666666667,0.0,1707370200,66,Greed,Infrequent,64710.95422837255,Inconsistent
0xb1231a4a2dd02f2276fa3c5e2a2f3436e6bfed23,2024-03-01,866.015507,67,5888.050149253731,962.718319402985,98.624811,0.417910447761194,0.0,1709271000,80,Extreme Greed,Infrequent,64710.95422837255,Inconsistent
0xb1231a4a2dd02f2276fa3c5e2a2f3436e6bfed23,2024-03-02,223.30918699999998,56,10782.5,172.52263482142857,109.662349,0.10714285714285714,0.0,1709357400,80,Extreme Greed,Infrequent,64710.95422837255,Inconsistent
0xb1231a4a2dd02f2276fa3c5e2a2f3436e6bfed23,2024-03-04,0.0,2,4999.83,417.0,0.999965,0.0,0.0,1709530200,82,Extreme Greed,Infrequent,64710.95422837255,Inconsistent
0xb1231a4a2dd02f2276fa3c5e2a2f3436e6bfed23,2024-03-05,0.0,6,829.8083333333334,7033.166666666667,1.742594,0.0,0.0,1709616600,90,Extreme Greed,Infrequent,64710.95422837255,Inconsistent
0xb1231a4a2dd02f2276fa3c5e2a2f3436e6bfed23,2024-03-07,0.0,8,9465.0725,28.169875,26.27066,0.0,0.0,1709789400,82,Extreme Greed,Infrequent,64710.95422837255,Inconsistent
0xb1231a4a2dd02f2276fa3c5e2a2f3436e6bfed23,2024-03-08,0.0,6,4168.69,11629.238816666666,15.721086,0.0,0.0,1709875800,81,Extreme Greed,Infrequent,64710.95422837255,Inconsistent
0xb1231a4a2dd02f2276fa3c5e2a2f3436e6bfed23,2024-04-01,-67.60364,5,19958.508,9.01916,24.948132,0.0,0.0,1711949400,79,Extreme Greed,Infrequent,64710.95422837255,Inconsistent
0xb1231a4a2dd02f2276fa3c5e2a2f3436e6bfed23,2024-04-02,47.62389499999999,35,5805.358,597.2897454285715,50.52688,0.2571428571428571,0.0,1712035800,79,Extreme Greed,Infrequent,64710.95422837255,Inconsistent
0xb1231a4a2dd02f2276fa3c5e2a2f3436e6bfed23,2024-04-03,1026.004099,13,290.5161538461538,1402.276923076923,0.94417,1.0,0.0,1712122200,71,Greed,Infrequent,64710.95422837255,Inconsistent
0xb1231a4a2dd02f2276fa3c5e2a2f3436e6bfed23,2024-04-05,0.0,3,1666.47,193303.66666666666,1.749792,0.0,0.0,1712295000,79,Extreme Greed,Infrequent,64710.95422837255,Inconsistent
0xb1231a4a2dd02f2276fa3c5e2a2f3436e6bfed23,2024-04-07,0.0,11,15958.708181818183,20.207663636363637,23.766878,0.0,0.0,1712467800,78,Extreme Greed,Infrequent,64710.95422837255,Inconsistent
0xb1231a4a2dd02f2276fa3c5e2a2f3436e6bfed23,2024-04-08,0.0,27,5002.563703703704,8207.126483148148,69.208735,0.0,0.0,1712554200,76,Extreme Greed,Infrequent,64710.95422837255,Inconsistent
0xb1231a4a2dd02f2276fa3c5e2a2f3436e6bfed23,2024-04-09,1065.785132,33,2923.5148484848487,1581.6861306060607,51.318484999999995,0.15151515151515152,0.0,1712640600,80,Extreme Greed,Infrequent,64710.95422837255,Inconsistent
0xb1231a4a2dd02f2276fa3c5e2a2f3436e6bfed23,2024-04-10,0.0,1,0.34,307.367829,0.0,0.0,0.0,1712727000,78,Extreme Greed,Infrequent,64710.95422837255,Inconsistent
0xb1231a4a2dd02f2276fa3c5e2a2f3436e6bfed23,2024-04-12,274999.139393,44,6249.985227272727,537.5925,27.499921,1.0,0.0,1712899800,79,Extreme Greed,Infrequent,64710.95422837255,Inconsistent
0xb1231a4a2dd02f2276fa3c5e2a2f3436e6bfed23,2024-05-01,164.141565,66,25817.31303030303,3.815267575757576,425.985639,0.19696969696969696,0.0,1714541400,54,Neutral,Infrequent,64710.95422837255,Inconsistent
0xb1231a4a2dd02f2276fa3c5e2a2f3436e6bfed23,2024-05-02,-33.45419400000003,72,10697.198055555556,413.078175,165.549465,0.19444444444444445,0.0,1714627800,43,Fear,Frequent,64710.95422837255,Inconsistent
0xb1231a4a2dd02f2276fa3c5e2a2f3436e6bfed23,2024-05-04,965.5522159999999,8,3245.635,840.8125,9.087776999999999,1.0,0.0,1714800600,67,Greed,Infrequent,64710.95422837255,Inconsistent
0xb1231a4a2dd02f2276fa3c5e2a2f3436e6bfed23,2024-05-07,0.0,12,165.92916666666667,438.5833333333333,0.52617,0.0,0.0,1715059800,68,Greed,Infrequent,64710.95422837255,Inconsistent
0xb1231a4a2dd02f2276fa3c5e2a2f3436e6bfed23,2024-05-08,-8394.889856,44,3331.070909090909,6034.649168181818,77.275266,0.5909090909090909,0.0,1715146200,64,Greed,Infrequent,64710.95422837255,Inconsistent
0xb1231a4a2dd02f2276fa3c5e2a2f3436e6bfed23,2024-05-12,49999.876084999996,4,12499.98,917.85,4.999989,1.0,0.0,1715491800,56,Greed,Infrequent,64710.95422837255,Inconsistent
0xb1231a4a2dd02f2276fa3c5e2a2f3436e6bfed23,2024-06-01,135.58166400000002,22,13569.154545454547,321.7012109090909,74.630342,0.45454545454545453,0.0,1717219800,72,Greed,Infrequent,64710.95422837255,Inconsistent
0xb1231a4a2dd02f2276fa3c5e2a2f3436e6bfed23,2024-06-02,-215.615907,1088,7396.280707720588,50970.19511461397,988.606997,0.1645220588235294,0.0,1717306200,73,Greed,Frequent,64710.95422837255,Inconsistent
0xb1231a4a2dd02f2276fa3c5e2a2f3436e6bfed23,2024-06-07,108.87217799999999,24,103.75708333333334,40982.375,344.35416,0.2916666666666667,0.0,1717738200,77,Extreme Greed,Infrequent,64710.95422837255,Inconsistent
0xb1231a4a2dd02f2276fa3c5e2a2f3436e6bfed23,2024-06-08,51.56325,80,758.8422499999999,1745.758705375,61.73168,0.0625,0.0,1717824600,72,Greed,Frequent,64710.95422837255,Inconsistent
0xb1231a4a2dd02f2276fa3c5e2a2f3436e6bfed23,2024-06-09,-1104.856765,38,106.74815789473683,37.73684210526316,1.419742,0.0,0.0,1717911000,75,Extreme Greed,Infrequent,64710.95422837255,Inconsistent
0xb1231a4a2dd02f2276fa3c5e2a2f3436e6bfed23,2024-06-12,74999.848329,25,2999.9956,218.3356,7.499981,1.0,0.0,1718170200,72,Greed,Infrequent,64710.95422837255,Inconsistent
0xb1231a4a2dd02f2276fa3c5e2a2f3436e6bfed23,2024-07-01,-835.681235,97,10812.887216494846,1702.9125883505153,262.212464,0.09278350515463918,0.0,1719811800,53,Neutral,Frequent,64710.95422837255,Inconsistent
0xb1231a4a2dd02f2276fa3c5e2a2f3436e6bfed23,2024-07-02,241.24212,15,450.582,884.1266666666667,0.339693,0.13333333333333333,0.0,1719898200,51,Neutral,Infrequent,64710.95422837255,Inconsistent
0xb1231a4a2dd02f2276fa3c5e2a2f3436e6bfed23,2024-07-05,227.320653,7,1395.532857142857,88547.0,3.419052,0.2857142857142857,0.0,1720157400,29,Fear,Infrequent,64710.95422837255,Inconsistent
0xb1231a4a2dd02f2276fa3c5e2a2f3436e6bfed23,2024-07-06,0.0,14,77.5807142857143,41.642857142857146,0.20394,0.0,0.0,1720243800,26,Fear,Infrequent,64710.95422837255,Inconsistent
0xb1231a4a2dd02f2276fa3c5e2a2f3436e6bfed23,2024-07-07,61.428942,10,49.875,12.5,0.049875,1.0,0.0,1720330200,29,Fear,Infrequent,64710.95422837255,Inconsistent
0xb1231a4a2dd02f2276fa3c5e2a2f3436e6bfed23,2024-07-08,188.789255,21,94.89190476190477,1289.142857142857,3.538542,0.47619047619047616,0.0,1720416600,28,Fear,Infrequent,64710.95422837255,Inconsistent
0xb1231a4a2dd02f2276fa3c5e2a2f3436e6bfed23,2024-07-12,74999.62263,5,15999.469999999998,1033.632,9.249149,0.6,0.0,1720762200,25,Fear,Infrequent,64710.95422837255,Inconsistent
0xb1231a4a2dd02f2276fa3c5e2a2f3436e6bfed23,2024-08-01,-269.874439,128,11894.159609375,844.6860564843751,380.613064,0.25,0.0,1722490200,52,Neutral,Frequent,64710.95422837255,Inconsistent
0xb1231a4a2dd02f2276fa3c5e2a2f3436e6bfed23,2024-08-02,770.756024,10,2605.112,560995.31,3.0028870000000003,0.4,0.0,1722576600,57,Greed,Infrequent,64710.95422837255,Inconsistent
0xb1231a4a2dd02f2276fa3c5e2a2f3436e6bfed23,2024-08-07,0.0,1,497.64,156.0,0.0156,0.0,0.0,1723008600,29,Fear,Infrequent,64710.95422837255,Inconsistent
0xb1231a4a2dd02f2276fa3c5e2a2f3436e6bfed23,2024-08-08,0.0,5,3168.014,2481.88164,6.48725,0.0,0.0,1723095000,20,Extreme Fear,Infrequent,64710.95422837255,Inconsistent
0xb1231a4a2dd02f2276fa3c5e2a2f3436e6bfed23,2024-08-10,0.0,1,0.58,393.379902,0.0,0.0,0.0,1723267800,40,Fear,Infrequent,64710.95422837255,Inconsistent
0xb1231a4a2dd02f2276fa3c5e2a2f3436e6bfed23,2024-08-12,0.0,145,3572.0706206896552,3905.748344827586,177.533199,0.0,0.0,1723440600,25,Fear,Frequent,64710.95422837255,Inconsistent
0xb1231a4a2dd02f2276fa3c5e2a2f3436e6bfed23,2024-09-01,-826.349863,70,12429.313857142857,1847.9473097142857,204.012928,0.2571428571428571,0.0,1725168600,26,Fear,Frequent,64710.95422837255,Inconsistent
0xb1231a4a2dd02f2276fa3c5e2a2f3436e6bfed23,2024-09-05,0.0,3,1658.5133333333333,11532.666666666666,1.741438,0.0,0.0,1725514200,29,Fear,Infrequent,64710.95422837255,Inconsistent
0xb1231a4a2dd02f2276fa3c5e2a2f3436e6bfed23,2024-09-06,0.0,12,117.52166666666666,39.5,0.16579,0.0,0.0,1725600600,22,Extreme Fear,Infrequent,64710.95422837255,Inconsistent
0xb1231a4a2dd02f2276fa3c5e2a2f3436e6bfed23,2024-09-07,648.984412,15,182.42999999999998,40.0,0.39756800000000003,1.0,0.0,1725687000,23,Extreme Fear,Infrequent,64710.95422837255,Inconsistent
0xb1231a4a2dd02f2276fa3c5e2a2f3436e6bfed23,2024-09-08,6783.078347,60,5447.171666666666,870.2594071666666,123.61698521,0.2833333333333333,0.0,1725773400,29,Fear,Infrequent,64710.95422837255,Inconsistent
0xb1231a4a2dd02f2276fa3c5e2a2f3436e6bfed23,2024-09-09,0.0,2,2007.2150000000001,174540.0,34.9079,0.0,0.0,1725859800,26,Fear,Infrequent,64710.95422837255,Inconsistent
0xb1231a4a2dd02f2276fa3c5e2a2f3436e6bfed23,2024-10-01,-1517.091342,193,10660.515440414507,1037.8364329533679,434.044865,0.21243523316062177,0.0,1727760600,50,Neutral,Frequent,64710.95422837255,Inconsistent
0xb1231a4a2dd02f2276fa3c5e2a2f3436e6bfed23,2024-10-07,382.10788099999996,13,1229.4692307692308,504.5846153846154,5.594077,0.38461538461538464,0.0,1728279000,50,Neutral,Infrequent,64710.95422837255,Inconsistent
0xb1231a4a2dd02f2276fa3c5e2a2f3436e6bfed23,2024-10-08,0.0,87,130.32885057471265,1727.7216091954024,50.0831879,0.0,0.0,1728365400,49,Neutral,Frequent,64710.95422837255,Inconsistent
0xb1231a4a2dd02f2276fa3c5e2a2f3436e6bfed23,2024-10-09,0.0,1,766.74,66673.0,6.66721,0.0,0.0,1728451800,49,Neutral,Infrequent,64710.95422837255,Inconsistent
0xb1231a4a2dd02f2276fa3c5e2a2f3436e6bfed23,2024-11-01,-164.08950099999998,19,13641.064736842105,44.49682736842105,64.795045,0.2631578947368421,0.0,1730439000,75,Extreme Greed,Infrequent,64710.95422837255,Inconsistent
0xb1231a4a2dd02f2276fa3c5e2a2f3436e6bfed23,2024-11-02,983.443176,34,6244.465294117647,781.1343832352941,24.955292,0.20588235294117646,0.0,1730525400,72,Greed,Infrequent,64710.95422837255,Inconsistent
0xb1231a4a2dd02f2276fa3c5e2a2f3436e6bfed23,2024-11-06,4269.550668,75,1046.24,108.45325333333334,26.744072,0.10666666666666667,0.0,1730871000,70,Greed,Frequent,64710.95422837255,Inconsistent
0xb1231a4a2dd02f2276fa3c5e2a2f3436e6bfed23,2024-11-08,0.0,16,211.8975,5969.3125,26.63734,0.0,0.0,1731043800,75,Extreme Greed,Infrequent,64710.95422837255,Inconsistent
0xb1231a4a2dd02f2276fa3c5e2a2f3436e6bfed23,2024-11-12,274998.942584,156,1762.8148717948718,116.07923076923078,27.499848,1.0,0.0,1731389400,80,Extreme Greed,Frequent,64710.95422837255,Inconsistent
0xb1231a4a2dd02f2276fa3c5e2a2f3436e6bfed23,2024-12-01,-1925.519024,7,28583.181428571428,220.32562000000001,49.480726999999995,0.0,0.0,1733031000,81,Extreme Greed,Infrequent,64710.95422837255,Inconsistent
0xb1231a4a2dd02f2276fa3c5e2a2f3436e6bfed23,2024-12-02,913.8817869999998,16,14202.981249999999,63.597461875,27.111911,0.375,0.0,1733117400,80,Extreme Greed,Infrequent,64710.95422837255,Inconsistent
0xb1231a4a2dd02f2276fa3c5e2a2f3436e6bfed23,2024-12-04,-2830.444513,15,2021.84,323021.06666666665,10.614658,0.0,0.0,1733290200,78,Extreme Greed,Infrequent,64710.95422837255,Inconsistent
0xb1231a4a2dd02f2276fa3c5e2a2f3436e6bfed23,2024-12-05,0.0,13,782.6861538461538,2656.079230769231,3.561207,0.0,0.0,1733376600,84,Extreme Greed,Infrequent,64710.95422837255,Inconsistent
0xb1231a4a2dd02f2276fa3c5e2a2f3436e6bfed23,2024-12-06,0.0,37,41.1072972972973,17.675675675675677,0.22859,0.0,0.0,1733463000,72,Greed,Infrequent,64710.95422837255,Inconsistent
0xb1231a4a2dd02f2276fa3c5e2a2f3436e6bfed23,2024-12-07,1412.314654,9,1508.48,709.2888888888889,4.751705,1.0,0.0,1733549400,75,Extreme Greed,Infrequent,64710.95422837255,Inconsistent
0xb1231a4a2dd02f2276fa3c5e2a2f3436e6bfed23,2024-12-08,0.0,31,323.4293548387097,1819.0967741935483,20.622761,0.0,0.0,1733635800,79,Extreme Greed,Infrequent,64710.95422837255,Inconsistent
0xb1231a4a2dd02f2276fa3c5e2a2f3436e6bfed23,2024-12-12,449328.107544,314,1430.9824522292993,81.91111464968152,82.264982,1.0,0.0,1733981400,83,Extreme Greed,Frequent,64710.95422837255,Inconsistent
0xb1231a4a2dd02f2276fa3c5e2a2f3436e6bfed23,2025-01-02,15452.344326,11,1400.39,5285.727272727273,13.485088,0.2727272727272727,0.0,1735795800,70,Greed,Infrequent,64710.95422837255,Inconsistent
0xb1231a4a2dd02f2276fa3c5e2a2f3436e6bfed23,2025-01-05,102460.17164,73,3462.1106849315065,77.46849315068494,65.532843,0.7808219178082192,0.0,1736055000,72,Greed,Frequent,64710.95422837255,Inconsistent
0xb1231a4a2dd02f2276fa3c5e2a2f3436e6bfed23,2025-02-01,0.0,6,1666.6133333333335,5477.5,3.28644,0.0,0.0,1738387800,68,Greed,Infrequent,64710.95422837255,Inconsistent
0xb1231a4a2dd02f2276fa3c5e2a2f3436e6bfed23,2025-02-02,69051.70619,88,6537.665,2069.2636363636366,107.46372169,0.8068181818181818,0.0,1738474200,60,Greed,Frequent,64710.95422837255,Inconsistent
0xb1231a4a2dd02f2276fa3c5e2a2f3436e6bfed23,2025-03-01,0.0,18,557.795,2056.3888888888887,12.95507,0.0,0.0,1740807000,20,Extreme Fear,Infrequent,64710.95422837255,Inconsistent
0xb1231a4a2dd02f2276fa3c5e2a2f3436e6bfed23,2025-03-02,46742.288748,258,1333.0556976744185,803.2777906976745,153.00027305,0.3449612403100775,0.0,1740893400,26,Fear,Frequent,64710.95422837255,Inconsistent
0xb1231a4a2dd02f2276fa3c5e2a2f3436e6bfed23,2025-03-04,0.0,9,5555.549999999999,493.8266666666667,4.999993,0.0,0.0,1741066200,15,Extreme Fear,Infrequent,64710.95422837255,Inconsistent
0xb1231a4a2dd02f2276fa3c5e2a2f3436e6bfed23,2025-04-01,1659.7995640000001,19,1695.0778947368422,5799.736842105263,20.675533,0.6842105263157895,0.0,1743485400,34,Fear,Infrequent,64710.95422837255,Inconsistent
0xb1231a4a2dd02f2276fa3c5e2a2f3436e6bfed23,2025-04-02,16102.444634,661,2456.432904689864,96.47965204236006,482.879833,0.3600605143721634,0.0,1743571800,44,Fear,Frequent,64710.95422837255,Inconsistent
0xb1231a4a2dd02f2276fa3c5e2a2f3436e6bfed23,2025-04-03,0.0,77,1769.9948051948052,1794.6167532467534,89.575457,0.0,0.0,1743658200,25,Fear,Frequent,64710.95422837255,Inconsistent
0xb1231a4a2dd02f2276fa3c5e2a2f3436e6bfed23,2025-04-04,2242.086667,99,1138.8816161616162,98.25,39.462212,0.6565656565656566,0.0,1743744600,28,Fear,Frequent,64710.95422837255,Inconsistent
0xb1231a4a2dd02f2276fa3c5e2a2f3436e6bfed23,2025-05-01,956.5545050000001,33,332.21393939393937,1116.989152121212,3.8369910000000003,0.9696969696969697,0.0,1746077400,53,Neutral,Infrequent,64710.95422837255,Inconsistent
0xb1231a4a2dd02f2276fa3c5e2a2f3436e6bfed23,2025-05-02,14644.100674,218,2359.758899082569,91.52266055045871,121.71671,0.42201834862385323,0.0,1746163800,67,Greed,Frequent,64710.95422837255,Inconsistent
0xb899e522b5715391ae1d4f137653e7906c5e2115,2025-02-03,34795.678173,155,24787.07348387097,53.02627741935484,1161.706196,0.4838709677419355,0.0,1738560600,44,Fear,Frequent,15064.633036634661,Inconsistent
0xb899e522b5715391ae1d4f137653e7906c5e2115,2025-03-03,535.4072209999999,31,16874.44419354839,108.53935483870968,173.363097,0.45161290322580644,0.0,1740979800,33,Fear,Infrequent,15064.633036634661,Inconsistent
0xb899e522b5715391ae1d4f137653e7906c5e2115,2025-03-04,361.071464,24,28371.712916666667,799.3227258333333,204.276324,0.2916666666666667,0.0,1741066200,15,Extreme Fear,Infrequent,15064.633036634661,Inconsistent
0xb899e522b5715391ae1d4f137653e7906c5e2115,2025-04-03,4578.655427,124,17691.147903225807,131.31548387096774,737.083879,0.5080645161290323,0.0,1743658200,25,Fear,Frequent,15064.633036634661,Inconsistent
0xb899e522b5715391ae1d4f137653e7906c5e2115,2025-04-04,0.0,6,16948.606666666667,0.20331333333333335,30.507488,0.0,0.0,1743744600,28,Fear,Infrequent,15064.633036634661,Inconsistent
0xbaaaf6571ab7d571043ff1e313a9609a10637864,2025-01-05,1.86032,1,3.9,0.2,0.001364,1.0,0.0,1736055000,72,Greed,Infrequent,82736.4691466912,Inconsistent
0xbaaaf6571ab7d571043ff1e313a9609a10637864,2025-02-04,188114.980392,743,3804.6953432032305,279.684064602961,918.700872,1.0,0.0,1738647000,72,Greed,Frequent,82736.4691466912,Inconsistent
0xbaaaf6571ab7d571043ff1e313a9609a10637864,2025-03-04,3869.208803,937,4677.174855923159,387.39622198505873,643.514507,0.5080042689434365,0.0,1741066200,15,Extreme Fear,Frequent,82736.4691466912,Inconsistent
0xbaaaf6571ab7d571043ff1e313a9609a10637864,2025-04-03,0.0,563,6625.281438721137,398.75492007104793,298.127396,0.0,0.0,1743658200,25,Fear,Frequent,82736.4691466912,Inconsistent
0xbaaaf6571ab7d571043ff1e313a9609a10637864,2025-04-04,9367.872074,318,2198.7353773584905,191.8317610062893,129.8195,0.6792452830188679,0.0,1743744600,28,Fear,Frequent,82736.4691466912,Inconsistent
0xbd5fead7180a9c139fa51a103cb6a2ce86ddb5c3,2024-10-12,0.0,52,2798.660769230769,2846.153846153846,18.167481,0.0,0.0,1728711000,49,Neutral,Infrequent,57998.731673678936,Inconsistent
0xbd5fead7180a9c139fa51a103cb6a2ce86ddb5c3,2024-11-12,0.0,17,637.4164705882353,705.8823529411765,1.086556,0.0,0.0,1731389400,80,Extreme Greed,Infrequent,57998.731673678936,Inconsistent
0xbd5fead7180a9c139fa51a103cb6a2ce86ddb5c3,2024-12-12,0.0,1,5158.5,5000.0,0.51585,0.0,0.0,1733981400,83,Extreme Greed,Infrequent,57998.731673678936,Inconsistent
0xbd5fead7180a9c139fa51a103cb6a2ce86ddb5c3,2025-01-04,-9311.892185,28,5608.603928571429,10714.285714285714,35.276799,0.0,0.0,1735968600,73,Greed,Infrequent,57998.731673678936,Inconsistent
0xbd5fead7180a9c139fa51a103cb6a2ce86ddb5c3,2025-01-05,-113601.02013799999,116,16681.46775862069,9.267241379310345,677.267526,0.008620689655172414,0.0,1736055000,72,Greed,Frequent,57998.731673678936,Inconsistent
0xbd5fead7180a9c139fa51a103cb6a2ce86ddb5c3,2025-02-03,-2632.65866,84,12216.244880952381,48.00238095238095,359.157571,0.0,0.0,1738560600,44,Fear,Frequent,57998.731673678936,Inconsistent
0xbd5fead7180a9c139fa51a103cb6a2ce86ddb5c3,2025-02-04,2676.6850000000004,66,2821.9739393939394,45.48712121212122,18.62502,0.9393939393939394,0.0,1738647000,72,Greed,Infrequent,57998.731673678936,Inconsistent
0xbd5fead7180a9c139fa51a103cb6a2ce86ddb5c3,2025-03-01,0.0,61,1834.7278688524589,1524.5901639344263,11.191839,0.0,0.0,1740807000,20,Extreme Fear,Infrequent,57998.731673678936,Inconsistent
0xbd5fead7180a9c139fa51a103cb6a2ce86ddb5c3,2025-03-02,160022.95082600001,69,3243.988695652174,5797.115942028986,37.896369,1.0,0.0,1740893400,26,Fear,Frequent,57998.731673678936,Inconsistent
0xbd5fead7180a9c139fa51a103cb6a2ce86ddb5c3,2025-03-03,57561.35367,136,8611.731764705883,1015.075,310.633142,0.8235294117647058,0.0,1740979800,33,Fear,Frequent,57998.731673678936,Inconsistent
0xbd5fead7180a9c139fa51a103cb6a2ce86ddb5c3,2025-03-04,-5862.0887760000005,12,7051.005833333334,12500.0,29.614225,0.0,0.0,1741066200,15,Extreme Fear,Infrequent,57998.731673678936,Inconsistent
0xbd5fead7180a9c139fa51a103cb6a2ce86ddb5c3,2025-04-02,0.0,18,3777.777777777778,5555.555555555556,6.8,0.0,0.0,1743571800,44,Fear,Infrequent,57998.731673678936,Inconsistent
0xbd5fead7180a9c139fa51a103cb6a2ce86ddb5c3,2025-04-03,0.0,2,86000.0,1.0,8.6,0.0,0.0,1743658200,25,Fear,Infrequent,57998.731673678936,Inconsistent
0xbd5fead7180a9c139fa51a103cb6a2ce86ddb5c3,2025-04-04,-43753.361578,132,5448.201969696969,1118.9316222727273,148.694024,0.18181818181818182,0.0,1743744600,28,Fear,Frequent,57998.731673678936,Inconsistent
0xbee1707d6b44d4d52bfe19e41f8a828645437aab,2024-08-12,15206.395076,92,3401.4840217391306,161.42980217391303,26.747257,0.9130434782608695,0.0,1723440600,25,Fear,Frequent,30331.849397651076,Inconsistent
0xbee1707d6b44d4d52bfe19e41f8a828645437aab,2024-09-12,2397.068675,143,3120.5087412587413,133.7646853146853,50.14075456,0.06293706293706294,0.0,1726119000,31,Fear,Frequent,30331.849397651076,Inconsistent
0xbee1707d6b44d4d52bfe19e41f8a828645437aab,2024-10-12,26600.990442,928,1859.9979202586208,135.7995150862069,116.25613018,0.5765086206896551,0.0,1728711000,49,Neutral,Frequent,30331.849397651076,Inconsistent
0xbee1707d6b44d4d52bfe19e41f8a828645437aab,2024-11-12,24663.690943,530,1207.490075471698,85.82043396226416,28.83121716,0.9792452830188679,0.0,1731389400,80,Extreme Greed,Frequent,30331.849397651076,Inconsistent
0xbee1707d6b44d4d52bfe19e41f8a828645437aab,2024-12-12,130826.491662,1041,2596.416272814601,94.17811565802113,294.08469282,0.8146013448607109,0.0,1733981400,83,Extreme Greed,Frequent,30331.849397651076,Inconsistent
0xbee1707d6b44d4d52bfe19e41f8a828645437aab,2025-01-02,2954.521713,187,1204.9785026737968,45.05604278074866,40.48101958,0.7112299465240641,0.0,1735795800,70,Greed,Frequent,30331.849397651076,Inconsistent
0xbee1707d6b44d4d52bfe19e41f8a828645437aab,2025-01-03,446.358633,51,1384.9447058823528,69.7313725490196,14.13199339,0.3137254901960784,0.0,1735882200,74,Greed,Infrequent,30331.849397651076,Inconsistent
0xbee1707d6b44d4d52bfe19e41f8a828645437aab,2025-01-04,147.445788,35,1226.783142857143,90.568,7.901415,0.7714285714285715,0.0,1735968600,73,Greed,Infrequent,30331.849397651076,Inconsistent
0xbee1707d6b44d4d52bfe19e41f8a828645437aab,2025-01-05,1364.022527,131,2448.466488549618,124.44038167938932,59.900085,0.3282442748091603,0.0,1736055000,72,Greed,Frequent,30331.849397651076,Inconsistent
0xbee1707d6b44d4d52bfe19e41f8a828645437aab,2025-02-02,-329.680689,131,1839.5793129770993,79.57358778625954,46.27443222,0.2900763358778626,0.0,1738474200,60,Greed,Frequent,30331.849397651076,Inconsistent
0xbee1707d6b44d4d52bfe19e41f8a828645437aab,2025-02-03,2576.6453030000002,102,1921.2604901960785,100.45294117647059,22.79932942,0.5392156862745098,0.0,1738560600,44,Fear,Frequent,30331.849397651076,Inconsistent
0xbee1707d6b44d4d52bfe19e41f8a828645437aab,2025-02-04,1842.839943,118,991.0424576271186,73.9371186440678,26.7983,0.6440677966101694,0.0,1738647000,72,Greed,Frequent,30331.849397651076,Inconsistent
0xbee1707d6b44d4d52bfe19e41f8a828645437aab,2025-03-02,5803.573999,325,1758.0771384615382,76.1191076923077,119.81672947999999,0.4246153846153846,0.0,1740893400,26,Fear,Frequent,30331.849397651076,Inconsistent
0xbee1707d6b44d4d52bfe19e41f8a828645437aab,2025-03-03,2448.046511,73,1970.5965753424655,99.58589041095891,21.1804367,0.6575342465753424,0.0,1740979800,33,Fear,Frequent,30331.849397651076,Inconsistent
0xbee1707d6b44d4d52bfe19e41f8a828645437aab,2025-03-04,-3368.876326,261,1706.5415708812259,139.46498084291187,78.09696617,0.0,0.0,1741066200,15,Extreme Fear,Frequent,30331.849397651076,Inconsistent
0xbee1707d6b44d4d52bfe19e41f8a828645437aab,2025-04-02,806.765131,248,1351.8856048387097,52.764556451612904,92.61476121,0.2862903225806452,0.0,1743571800,44,Fear,Frequent,30331.849397651076,Inconsistent
0xbee1707d6b44d4d52bfe19e41f8a828645437aab,2025-04-03,-4934.6700519999995,979,1496.3304392236976,91.72746680286006,345.84151396,0.38508682328907046,0.0,1743658200,25,Fear,Frequent,30331.849397651076,Inconsistent
0xbee1707d6b44d4d52bfe19e41f8a828645437aab,2025-04-04,-4513.160132,326,1419.9448159509202,123.52524539877301,110.944353,0.15950920245398773,0.0,1743744600,28,Fear,Frequent,30331.849397651076,Inconsistent
0xbee1707d6b44d4d52bfe19e41f8a828645437aab,2025-05-02,713.82809,14,3668.815,140.22571428571428,12.014707999999999,0.7857142857142857,0.0,1746163800,67,Greed,Infrequent,30331.849397651076,Inconsistent
